title,authors,year,venue,url,source,abstract,already_read
Firmware update attacks and security for IoT devices: Survey,M Bettayeb; Q Nasir; MA Talib,2019,Proceedings of the ArabWIC 6th Annual …,https://dl.acm.org/doi/abs/10.1145/3333165.3333169,Google Scholar,"secure firmware update  firmware analysis and vulnerability detection tools are presented.  We believe this paper will open the possibility for firmware analysis, attacks and security and",False
Firmup: Precise static detection of common vulnerabilities in firmware,Y David; N Partush; E Yahav,2018,ACM SIGPLAN Notices,https://dl.acm.org/doi/abs/10.1145/3296957.3177157,Google Scholar,Vulnerabilities and Exposures) in stripped firmware images. Our technique is able to efficiently  find vulnerabilities in real-world firmware  binary and a firmware image containing multiple,False
Vulnerability detection in iot firmware: A survey,W Xie; Y Jiang; Y Tang; N Ding,2017,2017 IEEE 23rd …,https://ieeexplore.ieee.org/abstract/document/8368433/,Google Scholar,on vulnerability detection in embedded system firmware. They classify existing methods of  firmware vulnerability detection  related works on vulnerability detection in IoT firmware. The,False
Toward hybrid static-dynamic detection of vulnerabilities in IoT firmware,D He; H Gu; T Li; Y Du; X Wang; S Zhu,2020,IEEE Network,https://ieeexplore.ieee.org/abstract/document/9246617/,Google Scholar,"of firmware security, we utilized crawlers to obtain data sets from official websites and forums.  For offline static detection, we crawled over 300 different versions of firmware (eg , firmware",False
Hybrid firmware analysis for known mobile and iot security vulnerabilities,P Sun; L Garcia; G Salles-Loustau,2020,2020 50th annual IEEE …,https://ieeexplore.ieee.org/abstract/document/9153399/,Google Scholar,efficient firmware vulnerability and patch presence detection  known vulnerability discoveries  in stripped firmware binaries  on 25 CVE vulnerabilities for 100 different Android firmware,False
Firmware Vulnerabilities,T Kaplan,NA,NA,,Google Scholar,,False
Cybersecurity of firmware updates,R Bielawski; R Gaynier; D Ma; S Lauzon,2020,NA,https://rosap.ntl.bts.gov/view/dot/55729,Google Scholar,"in updating the critical firmware in vehicles’ electronic  of firmware updates, understand their  vulnerabilities and update solutions, understand mitigation methods for those vulnerabilities,",False
Building secure firmware,J Yao; V Zimmer,2020,"Apress: New York, NY, USA",https://link.springer.com/content/pdf/10.1007/978-1-4842-6106-4.pdf,Google Scholar,"more firmware attacks appeared in different hacking conferences. This next wave of attacks  included  In the next chapter, we will discuss the proactive firmware security development.",False
Firmfuzz: Automated iot firmware introspection and analysis,P Srivastava; H Peng; J Li; H Okhravi,2019,… Security and Privacy for …,https://dl.acm.org/doi/abs/10.1145/3338507.3358616,Google Scholar,any of the vulnerabilities in our sample set of firmware images. The Firmadyne tests were  originally built for specific embedded devices and the probability of the same exploit working,False
"Firmware Security: Challenges, Vulnerabilities, and Mitigation Strategiesaddress",D Gujjula; GVK Reddy; PB Reddy,NA,Disruptive technologies in Computing …,https://www.taylorfrancis.com/chapters/edit/10.1201/9781032665535-45/firmware-security-challenges-vulnerabilities-mitigation-strategiesaddress-devi-gujjula-koti-reddy-bhaskar-reddy,Google Scholar,to compromise the security and integrity of embedded systems. This section examines some  common firmware vulnerabilities that pose significant risks to the overall security of devices.,False
Secure firmware validation and update for consumer devices in home networking,BC Choi; SH Lee; JC Na; JH Lee,2016,IEEE Transactions on …,https://ieeexplore.ieee.org/abstract/document/7448561/,Google Scholar,"reveal such a firmware level exploit. A firmware validation that ensures firmware integrity is   recent firmware modification attacks and survey results. In Section III, the proposed secure",False
Defending against firmware cyber attacks on safety-critical systems,C Johnson; M Evangelopoulou,2018,Journal of System Safety,https://jsystemsafety.com/index.php/jss/article/view/83,Google Scholar,"firmware installation never terminates. In this paper, we present means of mitigating the risks  of firmware attacks  Technical solutions, including firmware hashing, must be augmented by",False
Firmware fuzzing: The state of the art,C Zhang; Y Wang; L Wang,2020,Proceedings of the 12th Asia-Pacific …,https://dl.acm.org/doi/abs/10.1145/3457913.3457934,Google Scholar,"fore, firmware vulnerability detection by fuzzing has become the key to ensure the security of   complexity of firmware, the variety of firmware types, and the firmware defects, existing IoT",False
B in a rm: Scalable and efficient detection of vulnerabilities in firmware images of intelligent electronic devices,P Shirani; L Collard; BL Agba; B Lebel,2018,"… , and Vulnerability …",https://link.springer.com/chapter/10.1007/978-3-319-93411-2_6,Google Scholar,"analyze the corresponding IED firmware images; (iii)  vulnerabilities. Second, to ensure  BinArm is efficient and scalable enough to handle IED firmware images, we design a detection",False
Staged method of code similarity analysis for firmware vulnerability detection,Y Wang; J Shen; J Lin; R Lou,2019,IEEE Access,https://ieeexplore.ieee.org/abstract/document/8616839/,Google Scholar,"vulnerability detection technology based on simple feature matching cannot reach high  accuracy to detect firmware vulnerabilities,  of staged firmware vulnerability detection based on",False
Microcontroller based IoT system firmware security: Case studies,C Gao; L Luo; Y Zhang; B Pearson,2019,2019 IEEE International …,https://ieeexplore.ieee.org/abstract/document/9065145/,Google Scholar,"This paper studies the security of Microcontroller (MCU) based IoT firmware. Given  exploit  the flaws behind contemporary firmware upgrade models. Specifically, we validate our attacks",False
FIoT: Detecting the memory corruption in lightweight IoT device firmware,L Zhu; X Fu; Y Yao; Y Zhang,2019,"… , Security And Privacy In …",https://ieeexplore.ieee.org/abstract/document/8887414/,Google Scholar,"corruption detection on a single firmware image within 210 seconds in average. Furthermore,  our study discovered 35 zero-day memory vulnerabilities among 115 firmware images.",False
Secure firmware updates in the internet of things: A survey,NS Mtetwa; P Tarwireyi,2019,2019 International …,https://ieeexplore.ieee.org/abstract/document/9015845/,Google Scholar,"the security problems that arise due to IoT device firmware  many vulnerabilities including  the firmware update vulnerability, where reverse engineering was performed on the firmware.",False
Identifying privilege separation vulnerabilities in IoT firmware with symbolic execution,Y Yao; W Zhou; Y Jia; L Zhu; P Liu; Y Zhang,2019,Computer Security …,https://link.springer.com/chapter/10.1007/978-3-030-29959-0_31,Google Scholar,"To systematically detect the privilege separation vulnerabilities in a variety of IoT firmware,   from IoT firmware. Since symbolically executing entire binary IoT firmware without full-system",False
Firmcorn: Vulnerability-oriented fuzzing of iot firmware via optimized virtual execution,Z Gui; H Shu; F Kang; X Xiong,2020,Ieee Access,https://ieeexplore.ieee.org/abstract/document/8990098/,Google Scholar,"to vulnerabilities. In this study, we present FIRMCORN, the first vulnerabilityoriented fuzzer  for IoT firmware focuses on three typical problems of IoT firmware fuzzing: (1) high throughput",False
DTaint: detecting the taint-style vulnerability in embedded device firmware,K Cheng; Q Li; L Wang; Q Chen,2018,2018 48th Annual …,https://ieeexplore.ieee.org/abstract/document/8416504/,Google Scholar,"As our goal is to detect vulnerabilities in IoT firmware, we first carry out an empirical study  to  when dealing with IoT firmware. Firmware collection. Prior work [20] proposed to collect",False
Ufo-hidden backdoor discovery and security verification in iot device firmware,CW Tien; TT Tsai; Y Chen,2018,2018 IEEE International …,https://ieeexplore.ieee.org/abstract/document/8539157/,Google Scholar,"In this study, we refer to three IoT security verification  to firmware security for security  verification of IoT firmware. Moreover, we perform in-depth analysis of the IoT device firmware to try",False
I can detect you: Using intrusion checkers to resist malicious firmware attacks,DM Shila; P Geng; T Lovett,2016,… for Homeland Security (HST),https://ieeexplore.ieee.org/abstract/document/7568958/,Google Scholar,"firmware attacks, we propose to embed light weight intrusion-defense capability called Intrusion  Checkers within the embedded firmware by  an understanding of exploit characteristics,",False
Identifying mirai-exploitable vulnerabilities in iot firmware through static analysis,Z Ahmed; I Nadir; H Mahmood,2020,… Warfare and Security …,https://ieeexplore.ieee.org/abstract/document/9292382/,Google Scholar,"In this section, we will explain the methodology employed by our firmware security  evaluation system to assess an IoT firmware’s resistance against Mirai malware. The complete",False
{FIRMSCOPE}: Automatic uncovering of {Privilege-Escalation} vulnerabilities in {Pre-Installed} apps in android firmware,M Elsabagh; R Johnson; A Stavrou; C Zuo,2020,… (USENIX Security 20),https://www.usenix.org/conference/usenixsecurity20/presentation/elsabagh,Google Scholar,"number of Android firmware that contain privilege-escalation vulnerabilities in pre-  vulnerabilities, we built FIRMSCOPE, a novel static analysis system that analyzes Android firmware",False
Dark firmware: a systematic approach to exploring application security risks in the presence of untrusted firmware,D Ibdah; N Lachtar; AA Elkhail; A Bacha,2020,… on Research in Attacks …,https://www.usenix.org/conference/raid2020/presentation/ibdah,Google Scholar,explore the risks associated with application security in the presence of untrusted firmware.   we discuss a possible countermeasure that can be used to defend against firmware attacks.,False
Towards automated dynamic analysis for linux-based embedded firmware.,DD Chen; M Woo; D Brumley; M Egele,2016,NDSS,https://www.ndss-symposium.org/wp-content/uploads/2017/09/towards-automated-dynamic-analysis-linux-based-embedded-firmware.pdf,Google Scholar,"exploit affects the firmware of up to five different vendors, and the most effective exploit affects  10% of all network inferred firmware  is one explanation, our attacks also affect applications",False
Research on security detection technology for internet of things terminal based on firmware code genes,X Zhu; Q Li; Z Chen; G Zhang; P Shan,2020,IEEE Access,https://ieeexplore.ieee.org/abstract/document/9169679/,Google Scholar,analysis of firmware code similarity  security detection technology for IoT terminal firmware  by measuring the gene distance between the codes. A prototype firmware security detection,False
Fingerprinting Vulnerabilities in Intelligent Electronic Device Firmware,L Collard,2018,NA,https://spectrum.library.concordia.ca/id/eprint/984793/,Google Scholar,firmware often contain critical vulnerabilities that if exploited could cause large impacts on  national economic security in order to assess the security of IED firmware. In order to resolve,False
Malicious firmware detection with hardware performance counters,X Wang; C Konstantinou; M Maniatakos,2016,… on Multi-Scale …,https://ieeexplore.ieee.org/abstract/document/7470546/,Google Scholar,"Effective security mechanisms are, therefore, of paramount importance in order to provide  protection against firmware malicious attacks. The exploitation of firmware vulnerabilities in",False
Secure firmware update in embedded systems,L Keleman; D Matić; M Popović,2019,2019 IEEE 9th …,https://ieeexplore.ieee.org/abstract/document/8966174/,Google Scholar,a security concept for prevention of security risks mentioned  This paper presented an  implementation of a secure firmware  For the maximum level of security key exchange could be,False
Blockchain-based firmware security check and recovery for battery management systems,G Bere; JJ Ochoa; T Kim,2020,2020 IEEE Transportation …,https://ieeexplore.ieee.org/abstract/document/9161562/,Google Scholar,"security-related purposes for EV battery management systems (BMSs). This paper explores  firmware security vulnerabilities  and tasks including BMS firmware security check, recovery,",False
Firmxray: Detecting bluetooth link layer vulnerabilities from bare-metal firmware,H Wen; Z Lin; Y Zhang,2020,… on computer and communications security,https://dl.acm.org/doi/abs/10.1145/3372297.3423344,Google Scholar,"of vulnerabilities at the BLE link layer during broadcasting, pairing, and message transmission.  To detect these vulnerabilities directly from the bare-metal firmware,  for robust firmware",False
Automated dynamic firmware analysis at scale: a case study on embedded web interfaces,A Costin; A Zarras; A Francillon,2016,… and Communications Security,https://dl.acm.org/doi/abs/10.1145/2897845.2897900,Google Scholar,"The firmware and vulnerabilities marked with a ”†” are found us a total number of vulnerabilities  and affected firmware.  of finding more vulnerabilities in more firmware images, we have",False
Analysis of Firmware Security in Embedded ARM Environments,DA Brown,2019,NA,https://vtechworks.lib.vt.edu/items/8382fe53-04bc-4b1c-8e64-ba1d423bfb0a,Google Scholar,"of firmware on embedded systems, in this case Solid State Drives (SSDs). Some manufacturers  make firmware  to verify the authenticity of the firmware post installation. This means that",False
Firmaster: Analysis tool for home router firmware,V Visoottiviseth; P Jutadhammakorn,2018,… Joint Conference on …,https://ieeexplore.ieee.org/abstract/document/8457340/,Google Scholar,"In Firmaster, we will find and analyze the vulnerability of firmware within Internet of Things  devices especially Wi-Fi access routers based on the I1 to I4 and I9 of OWASP top 10 Internet",False
Toward the analysis of embedded firmware through automated re-hosting,E Gustafson; M Muench; C Spensky; N Redini,2019,… on Research in Attacks …,https://www.usenix.org/conference/raid2019/presentation/gustafson,Google Scholar,"We further show the potential for direct applications to dynamic analysis, by using these  modeled environments to trigger synthetic security vulnerabilities in the firmware samples. The",False
FOTB: a secure blockchain-based firmware update framework for IoT environment,A Yohan; NW Lo,2020,International Journal of Information Security,https://link.springer.com/article/10.1007/s10207-019-00467-6,Google Scholar,"security strength of the proposed firmware update framework is conducted. Based on the  proofs of formal security  and defends against major cyber attacks: firmware modification attack,",False
Automatic generation of assertions for detection of firmware vulnerabilities through alignment of symbolic sequences,S Germiniani; A Danese,2020,IEEE Transactions on …,https://ieeexplore.ieee.org/abstract/document/9246700/,Google Scholar,"whose firmware contain unexpected vulnerabilities that can be exploited by attackers. In fact,  in the past years, attacks on IP firmware  , specifically in their firmware. An exhaustive formal",False
Firmae: Towards large-scale emulation of iot firmware for dynamic analysis,M Kim; D Kim; E Kim; S Kim; Y Jang; Y Kim,2020,… Annual Computer Security …,https://dl.acm.org/doi/abs/10.1145/3427228.3427294,Google Scholar,"hypothesis by successfully running emulated web services in 892 firmware images from  1,124 images, and we found 12 0-day vulnerabilities by conducting dynamic security analysis.",False
Towards big scale firmware analysis,N MKHATVARI,2017,NA,https://www.politesi.polimi.it/handle/10589/144799,Google Scholar,"firmware images security. After, we will precisely define the problems and tradeoffs of the  firmware  In the Firmware Detection phase, we try to detect which of the decompressed files is a",False
Measurement study towards a unified firmware updating scheme for legacy IoT devices,BK Hong; JW Huang; T Ban; R Isawa,2019,… Information Security …,https://ieeexplore.ieee.org/abstract/document/8826812/,Google Scholar,IoT firmware. Based on a thorough review of the state of art of IoT firmware emulation and  vulnerability  that could monitor the security status of users’ IoT devices and keep the device,False
FIT: Inspect vulnerabilities in cross-architecture firmware by deep learning and bipartite matching,H Liang; Z Xie; Y Chen; H Ning; J Wang,2020,Computers & Security,https://www.sciencedirect.com/science/article/pii/S0167404820303059,Google Scholar,"; 2) A same vulnerability often exists in multiple firmware with  approach to inspect  vulnerabilities in firmware, which first  of facilitating further researches in the firmware security field.",False
"A survey of security vulnerability analysis, discovery, detection, and mitigation on IoT devices",M Yu; J Zhuge; M Cao; Z Shi; L Jiang,2020,Future Internet,https://www.mdpi.com/1999-5903/12/2/27,Google Scholar,"technologies, we summarize by the following four aspects: (1) Research on the basic  framework of vulnerability analysis, which performs firmware simulation to help analyze IoT",False
Dynamic binary firmware analysis: challenges & solutions,M Muench,2019,NA,https://theses.hal.science/tel-03143960/,Google Scholar,"the firmware of embedded systems for potential security vulnerabilities, while restricting its  scope to binary firmware access to the source code of the firmware, and even if source code is",False
Em-fuzz: Augmented firmware fuzzing via memory checking,J Gao; Y Xu; Y Jiang; Z Liu; W Chang,2020,IEEE Transactions on …,https://ieeexplore.ieee.org/abstract/document/9211428/,Google Scholar,"firmware, which is challenging especially due to the absence of source code. In particular, we  propose EM-Fuzz, a firmware vulnerability detection  , the firmware fuzzing can not only be",False
Firmware Attack Detection on Gadgets Using Kohonen's Self Organizing Feature Maps (KSOFM),E Arul; A Punidha,2020,2020 Third International Conference on …,https://ieeexplore.ieee.org/abstract/document/9214115/,Google Scholar,"framework for firmware development with crypto currencies and IPFS [4]. The security of the   Furthermore, Smart home products are required to include firmware details and be patched",False
A hardware-based framework for secure firmware updates on embedded systems,S Falas; C Konstantinou,2019,2019 IFIP/IEEE 27th …,https://ieeexplore.ieee.org/abstract/document/8920348/,Google Scholar,firmware update security and firmware modification attacks are discussed in Section II. The  underlying security  The proposed methodology for secure firmware updates is presented in,False
Security of firmware update mechanisms within SOHO routers,S Kolehmainen,2019,NA,https://jyx.jyu.fi/jyx/Record/jyx_123456789_64101,Google Scholar,"of firmware update security within  firmware updates are critical to the overall device security.  A case study was performed, where 12 devices were analyzed using network and firmware",False
Firmware Attack Detection on IoT Devices Using Deep Binary Pattern Classification Mining (FA-PCM),E Arul; A Punidha,2020,ICT Analysis and Applications: Proceedings of ICT4SD …,https://link.springer.com/chapter/10.1007/978-981-15-8354-4_38,Google Scholar,unwilling to change the security tests. Deficient  firmware assault in IoT smartphones.The  FA-PCM classifies the IoT application files as a binary image of the proposed firmware detection,False
Security analysis of vendor customized code in firmware of embedded device,M Liu; Y Zhang; J Li; J Shu; D Gu,2017,Security and Privacy in Communication …,https://link.springer.com/chapter/10.1007/978-3-319-59608-2_40,Google Scholar,"To this end, we present a systematic security assessment procedure to help conduct  firmware reverse engineering and vendor customized code searching. We expect our proposed",False
Research on Automated Vulnerability Mining of Embedded System Firmware,X Li; L Qiao; Y Sun; Q Guan,2020,Artificial Intelligence and Security: 6th …,https://link.springer.com/chapter/10.1007/978-981-15-8101-4_11,Google Scholar,"challenges of firmware research. Then we analyze the work related to firmware vulnerability  mining. After that, we classify and analyze the existing firmware vulnerability mining work",False
Research for vulnerability detection of embedded system firmware,J Hou; T Li; C Chang,2017,Procedia Computer Science,https://www.sciencedirect.com/science/article/pii/S1877050917304568,Google Scholar,impact of security issues. The research of embedded firmware vulnerability detection technology   and comprehensive method to detect the vulnerability of embedded firmware. The more,False
Humidify: A tool for hidden functionality detection in firmware,SL Thomas; FD Garcia; T Chothia,2017,"… and Malware, and Vulnerability …",https://link.springer.com/chapter/10.1007/978-3-319-60876-1_13,Google Scholar,This work focuses on the detection of the latter threat class.  Finally we used a further random  sample of 50 firmware images which HumIDIFy was executed on resulting in detection of 9,False
Analyzing and securing firmware for IoT devices,N Redini,2020,NA,https://search.proquest.com/openview/7967246d1d057a0fe57df3f83ca23ada/1?pq-origsite=gscholar&cbl=18750&diss=y,Google Scholar,"firmware. Then, I present in detail my work that advances the state of the art of firmware  security different components of a firmware sample to precisely uncover security vulnerabilities, (iii",False
Hardware-enabled secure firmware updates in embedded systems,S Falas; C Konstantinou; MK Michael,2019,… Scale Integration-System on a Chip,https://link.springer.com/chapter/10.1007/978-3-030-53273-4_8,Google Scholar,"Despite the importance of firmware updates, manufacturers and firmware developers  often consider firmware security as a secondary task. As a result, firmware often turns into an",False
Blockchain-based distributed firmware update architecture for IoT devices,S Choi; JH Lee,2020,IEEE Access,https://ieeexplore.ieee.org/abstract/document/9007435/,Google Scholar,"The architecture proposed in this paper has a low risk of server targeting attacks because  the firmware images are stored distributed on the blockchain network. However, Schemes 1, 2",False
Platform firmware resiliency guidelines,A Regenscheid,2017,NA,https://csrc.nist.gov/csrc/media/publications/sp/800-193/draft/documents/sp800-193-draft.pdf,Google Scholar,98 This document provides technical guidelines and recommendations supporting  resiliency of platform firmware and data against potentially destructive attacks. The platform is a,False
Vulnerability model and evaluation of the uefi platform firmware based on improved attack graphs,F Cao; Q Li; Z Chen,2018,2018 IEEE 9th International Conference …,https://ieeexplore.ieee.org/abstract/document/8663754/,Google Scholar,"Firmware, this paper sununarizes the UEFI platform firmware framework structure as well  as its potential security  the security threats of the UEFI platform firmware in several aspects:",False
Karonte: Detecting insecure multi-binary interactions in embedded firmware,N Redini; A Machiry; R Wang,2020,… on Security and …,https://ieeexplore.ieee.org/abstract/document/9152796/,Google Scholar,"Therefore, we assessed the remaining vulnerabilities by reverse engineering the firmware.  By using vendor-confirmed vulnerabilities and checking whether other firmware using the",False
There will be glitches: Extracting and analyzing automotive firmware efficiently,A Milburn; N Timmers; N Wiersma; R Pareja,2018,Black Hat USA,https://raelize.com/upload/research/2018/2018_escareu_There-Will-Be-Glitches-Whitepaper.pdf,Google Scholar,fault injection attacks in order extract its firmware and then we analyzed its firmware efficiently   attacks. This includes the embedded technology used by the automotive industry. These,False
Snifu: Secure network interception for firmware updates in legacy plcs,H Benkraouda; MA Chakkantakath,2020,2020 IEEE 38th VLSI …,https://ieeexplore.ieee.org/abstract/document/9107609/,Google Scholar,Wago PLC and testing with modified firmware attacks. Our evaluation shows that SNIFU  can efficiently verify the integrity of PLC firmware and prevent malicious firmware downloads.,False
Securing Dynamic Firmware Updates of Mixed-Critical Applications,G Kornaros; S Leivadaros,2017,2017 3rd IEEE International …,https://ieeexplore.ieee.org/abstract/document/7985807/,Google Scholar,"against such type of attacks. Even if  firmware can still run in a secure isolated memory  space. In this work we consider cache-based timing attacks out the scope, or side-channel attacks",False
A case study on vulnerability analysis and firmware modification attack for a wearable fitness tracker,J Shim; K Lim; J Jeong; S Cho; M Park; S Han,2017,IT Converg. Pract,https://isyou.info/inpra/papers/inpra-v5n4-03.pdf,Google Scholar,"In this paper, firmware analysis and firmware tampering attacks are conducted for a commercial  fitness tracker and defense techniques are discussed. In order to do this, we analyze the",False
Breaking all the things—A systematic survey of firmware extraction techniques for IoT devices,S Vasile; D Oswald; T Chothia,2018,… Conference on Smart Card Research and …,https://link.springer.com/chapter/10.1007/978-3-030-15462-2_12,Google Scholar,"exploit results in a root shell. In most cases where firmware extraction is possible, firmware   device to firmware extraction and firmware injection attacks. The general process of JTAG",False
A decentralized approach towards secure firmware updates and testing over commercial IoT Devices,P Gupta,2020,arXiv preprint arXiv:2011.12052,https://arxiv.org/abs/2011.12052,Google Scholar,"These forms of attacks need to be stopped for the safety and security of its users. IoT  the  existing firmware. However, security of the device is flawed if the server side firmware database",False
Taxonomy of firmware trojans in smart grid devices,C Konstantinou; A Keliris,2016,2016 IEEE Power and …,https://ieeexplore.ieee.org/abstract/document/7741452/,Google Scholar,"detection and mitigation strategies against such attacks. To this end, we provide a taxonomy  for firmware Trojans and develop firmware  firmware as a potential source of cyber attacks",False
Secure firmware updates for constrained iot devices using open standards: A reality check,K Zandberg; K Schleiser; F Acosta; H Tschofenig,2019,IEEE …,https://ieeexplore.ieee.org/abstract/document/8725488/,Google Scholar,"describing firmware updates. The SUIT group defines a so-called manifest, which provides  (1) information about the firmware required to update the device, and (2) a security wrapper",False
Automated Firmware Re-hosting for Security Analysis,G Visser,2020,NA,https://download.vusec.net/resources/thesis/examples/litstudy-visser.pdf,Google Scholar,context of firmware security analysis describes the act of enabling the execution of firmware  on  of the core methods of vulnerability detection in firmware analysis. But other factors affect,False
Firmware Resiliency: Detection,J Yao; V Zimmer; J Yao; V Zimmer,2020,… Firmware: Armoring the Foundation of …,https://link.springer.com/chapter/10.1007/978-1-4842-6106-4_4,Google Scholar,"Detection is the second element in firmware resiliency. Even if we use multiple ways to  protect the firmware, a vulnerability in software or hardware may still cause the firmware",False
Attacks on fitness trackers revisited: A case-study of unfit firmware security,J Rieck,2016,arXiv preprint arXiv:1604.03313,https://arxiv.org/abs/1604.03313,Google Scholar,"firmware security and firmware modification attacks are summarised.  , firmware security  on Withings’ platform should have improved, warranting an analysis of the security of firmware",False
VSFBS: Vulnerability Search in Firmware Based on String,Z Zhang; D Zhou; J Rao; D Zhao; W Hu,2020,… Systems and Their …,https://ieeexplore.ieee.org/abstract/document/9331100/,Google Scholar,"and many methods have been used to find vulnerabilities in binary code, like 1) numerical   vulnerabilities of firmware in a cross-platform model. The main idea of this method is to exploit",False
Vulnerability finding and firmware association in power grid,Y Sun; L Sun; Z Shi; W Yu,2019,2019 Fifth Conference on …,https://ieeexplore.ieee.org/abstract/document/8686515/,Google Scholar,"firmware protocol vulnerabilities associated technology, through the technology of information  extraction from the mass grid device firmware  device firmware and published vulnerability",False
Determining the image base of smart device firmware for security analysis,R Zhu; B Zhang; Y Tan; J Wang,2020,… and Mobile Computing,https://onlinelibrary.wiley.com/doi/abs/10.1155/2020/8899193,Google Scholar,"smart device firmware security is of growing importance. Disassembly is a common method  for evaluating the security of authorization mechanisms. When disassembling firmware, the",False
Detecting Vulnerabilities in Iot Firmware Via Keyword Identification and Path Optimization,J Liu; Y Li; H Liang,NA,Available at SSRN 5168828,https://papers.ssrn.com/sol3/papers.cfm?abstract_id=5168828,Google Scholar,vulnerability detection framework for IoT device firmware that targets at the binary level rather  than the source code to tackle the above issues. IotSleuth mainly focuses on the detection,False
Shedding too much light on a microcontroller's firmware protection,J Obermaier; S Tatschner,2017,11th USENIX Workshop on Offensive …,https://www.usenix.org/conference/woot17/workshop-program/presentation/obermaier,Google Scholar,"At first, we discover that a common security configuration provides low protection which can   -protected firmware. Secondly, we reveal a design weakness in the security configuration",False
Device-agnostic firmware execution is possible: A concolic execution approach for peripheral emulation,C Cao; L Guan; J Ming; P Liu,2020,… of the 36th Annual Computer Security …,https://dl.acm.org/doi/abs/10.1145/3427228.3427280,Google Scholar,"previously-unseen firmware. In recent years, we have witnessed devastating security  breaches targeting low-end microcontroller-based IoT devices. These security concerns have",False
Detecting Vulnerabilities in Firmware Via Back-End Differences,J Liu; S Wang; Y Li; H Liang,NA,Available at SSRN 4901395,https://papers.ssrn.com/sol3/papers.cfm?abstract_id=4901395,Google Scholar,vulnerability detection framework for IoT device firmware to tackle the above issues. Given  that vulnerabilities in an original firmware image (OF) are usually fixed by a patched firmware,False
Firmware over the air for home cybersecurity in the Internet of Things,CC Teng; JW Gong; YS Wang,2017,2017 19th Asia …,https://ieeexplore.ieee.org/abstract/document/8094190/,Google Scholar,"all security policies and standards, but also distribute security patches or renew firmware in  response to vulnerabilities as  Keeping the firmware of home routers up-todate can effectively",False
Idols with Feet of clay: on the security of bootloaders and firmware updaters for the IoT,L Morel; D Couroussé,2019,2019 17th IEEE International New …,https://ieeexplore.ieee.org/abstract/document/8961216/,Google Scholar,"In this paper, we focus on the security aspects of the IoT device itself, and the security   tackle the security of the Bootloader and Firmware Update (BFU). We report on the security of the",False
"3D Bioprinter Firmware Attacks: Categorization, Implementation, and Impacts",M Ahsan; B Najarro-Blancas; JT Ebode; N Lewinski,NA,NA,https://ahmirf.github.io/publications/2025-ieee-host-bioprinter.pdf,Google Scholar,"security needs of bioprinting, we propose a structured framework for categorizing firmware  attacks  Predominantly focusing on the impact on the bioprinting process, the attacks can be",False
An experimental study of four methods for homology analysis of firmware vulnerability,L Ran; L Lu; H Lin; M Han; D Zhao,2017,… Systems and Their …,https://ieeexplore.ieee.org/abstract/document/8269600/,Google Scholar,"similarity value with a firmware which is known to have a vulnerability. There are mainly four   in firmware vulnerability detection, we found that the results of vulnerability detection are not",False
"{DECAF}: Automatic, adaptive de-bloating and hardening of {COTS} firmware",J Christensen; IM Anghel; R Taglang,2020,29th USENIX Security …,https://www.usenix.org/conference/usenixsecurity20/presentation/christensen,Google Scholar,This project aims to exploit the modular nature of UEFI firmware in order to reduce the attack  surface area of all motherboards that conform to the UEFI specification. Individual modules,False
Vulnerability Detection in Firmware Based on Clonal Selection Algorithm,M Yu; D Zhao; D Zhou; L Ran; J Xiang,2019,… Symposium Series on …,https://ieeexplore.ieee.org/abstract/document/9002965/,Google Scholar,"In this paper, the detection of the firmware vulnerability  the detection of the target  sample can be regarded as classifying the sample into a vulnerability function or a non-vulnerability",False
SECURING THE EDGE: EMBEDDED FIRMWARE ENGINEERING IN THE AGE OF EDGE COMPUTING,S Gangarapu; SSR Chilukoori; CK Kadiyala,NA,NA,https://www.researchgate.net/profile/Sadha-Shiva-Reddy-Chilukoori/publication/381348774_Securing_the_Edge_Embedded_Firmware_Engineering_in_The_Age_of_Edge_Computing/links/6669e6c5de777205a32a3728/Securing-the-Edge-Embedded-Firmware-Engineering-in-The-Age-of-Edge-Computing.pdf,Google Scholar,"By prioritizing embedded firmware security and investing in research and development, we  can build a more secure and resilient edge computing ecosystem, enabling the full potential",False
Private blockchain network for IoT device firmware integrity verification and update,S Dhakal; F Jaafar; P Zavarsky,2019,2019 IEEE 19th International …,https://ieeexplore.ieee.org/abstract/document/8673027/,Google Scholar,Blockchain-based compromised firmware detection and healing proposed in [13] utilizes a  pre-computed Reference Integrity Metric (RIM) of the operating system. The RIM is securely,False
Autonomous and malware-proof blockchain-based firmware update platform with efficient batch verification for Internet of Things devices,JW Hu; LY Yeh; SW Liao; CS Yang,2019,Computers & Security,https://www.sciencedirect.com/science/article/pii/S016740481831438X,Google Scholar,"Therefore, a method through which the firmware of IoT devices can be securely and   blockchain-based firmware updating platform to enhance the process of updating firmware. A smart",False
Vulnerabilities in IoT devices for smart home environment,L Costa; JP Barros; M Tavares; J Barros; LM Tavares,2019,NA,https://repositorio.ipbeja.pt/entities/publication/fe88bc71-a805-45c5-8e55-86baa3258e9c,Google Scholar,gathering and firmware vulnerability stages. Device 1 has a bare-metal OS and the firmware  source files could not be extracted. Nevertheless we were able to obtain the firmware image,False
Pacemaker cybersecurity: local experience with a firmware upgrade,A Baranchuk; B Alexander; D Campbell; S Haseeb,2018,Circulation,https://www.ahajournals.org/doi/abs/10.1161/CIRCULATIONAHA.118.035261,Google Scholar,"of these risks, it has been recommended that these firmware  the risks and benefits associated  with the firmware upgrade.  devices and offered the firmware upgrade between November",False
Securing firmware in Internet of Things using blockchain,A Pillai; M Sindhu; KV Lakshmy,2019,2019 5th International …,https://ieeexplore.ieee.org/abstract/document/8728389/,Google Scholar,"devices on demands likewise security is a huge  of security that is supported by absolute  robust encryption standards available[3, 4, 15]. Ongoing cyber attacks are focusing on firmware",False
Firmware Secure Coding Practice,J Yao; V Zimmer; J Yao; V Zimmer,2020,… Firmware: Armoring the Foundation of …,https://link.springer.com/chapter/10.1007/978-1-4842-6106-4_14,Google Scholar,"the security architecture and design, we need to bring security into the development phase.  On the one hand, firmware  are also applicable for firmware development. On the other hand,",False
Towards automatic firmware extraction from update applications,ME FERRER,2017,NA,https://www.politesi.polimi.it/handle/10589/144829,Google Scholar,of the firmware (there is no security measure to check if the firmware that is going to be  installed in the device is legit and is coming directly from the vendor). The attacks at this level are,False
Large-scale IoT devices firmware identification based on weak password,D Yu; L Zhang; Y Chen; Y Ma; J Chen,2020,IEEE Access,https://ieeexplore.ieee.org/abstract/document/8951016/,Google Scholar,Vulnerability on the device is usually related to the firmware version of the device of this   between the vulnerability and the IoT device to assess the security of the online device.,False
Secure firmware updates for iot: A survey,A Kolehmainen,2018,… IEEE International Conference on Internet of …,https://ieeexplore.ieee.org/abstract/document/8726545/,Google Scholar,in a problem of security. There are as many firmware and software update procedures as   Our findings show that there indeed are good options for firmware update mechanisms that,False
A blockchain-based OCF firmware update for IoT devices,EN Witanto; YE Oktian; SG Lee; JH Lee,2020,Applied Sciences,https://www.mdpi.com/2076-3417/10/19/6744,Google Scholar,"As the hackers try to exploit security vulnerabilities continuously, the manufacturers need to  regularly release updates to prevent cyber-attacks. That final reason is the most crucial one,",False
Implications of malicious 3D printer firmware,SB Moore; WB Glisson; M Yampolskiy,2017,NA,https://aisel.aisnet.org/hicss-50/st/digital_forensics/5/,Google Scholar,a vulnerability in how the firmware interacts with variables. The malicious firmware developed  in this research bypassed the firmware’s  This allowed the malicious firmware to effectively,False
Firmnano: Toward iot firmware fuzzing through augmented virtual execution,Z Gui; H Shu; J Yang,2020,2020 IEEE 11th International …,https://ieeexplore.ieee.org/abstract/document/9237719/,Google Scholar,that FIRMNANO can execute firmware correctly and can be used for real-world firmware  vulnerability mining.  We preset a buffer overflow vulnerability in the USART_DMA firmware. The,False
Control-hijacking vulnerabilities in IoT firmware: A brief survey,A Mohanty; I Obaidat; F Yilmaz,2018,… Security and Privacy for …,https://www.researchgate.net/profile/Abhinav-Mohanty/publication/331976993_Control-hijacking_Vulnerabilities_in_IoT_Firmware_A_Brief_Survey/links/5cae0e2692851c8d22e1167e/Control-hijacking-Vulnerabilities-in-IoT-Firmware-A-Brief-Survey.pdf,Google Scholar,"firmware attacks and vulnerabilities remain fairly less explored in the literature; however,  vulnerabilities  format string [10] vulnerabilities abound in device firmware, operating systems,",False
Domain Informed Firmware Analysis for Internet of Things (IoT) Security,F Fowze,2020,NA,https://search.proquest.com/openview/296fd55a87ebcefcb1dae09e5136b715/1?pq-origsite=gscholar&cbl=18750&diss=y,Google Scholar,"Given the challenges in firmware analysis for IoT security, the research questions  set of  firmware that consists of four MSP430 firmware images and two Intel 8051 firmware images to",False
Securing over-the-air IoT firmware updates using blockchain,X He; S Alqahtani; R Gamble; M Papa,2019,Proceedings of the International …,https://dl.acm.org/doi/abs/10.1145/3312614.3312649,Google Scholar,Preliminary results show that the approach is feasible without compromising performance  and can protect IoT devices against cyber attacks during the firmware update process.,False
IoT Pentesting: Obtaining the firmware of a smart lock,A Borg; CA Francke,2020,NA,https://www.diva-portal.org/smash/record.jsf?pid=diva2:1460706,Google Scholar,The security assessment of the firmware in this thesis follows the recipe suggested by  Gupta et al. [24] with some additions presented by Gupta in [23]. The recipe contains a step-by-,False
Proxray: Protocol model learning and guided firmware analysis,F Fowze; D Tian; G Hernandez,2019,IEEE Transactions on …,https://ieeexplore.ieee.org/abstract/document/8823941/,Google Scholar,Analyzing the firmware of IoT devices for safety and security is becoming critical. IoT devices  usually implement communication protocols such as USB and Bluetooth within firmware to,False
Review on firmware,CJ Tan; J Mohamad-Saleh; KAM Zain,2017,Proceedings of the …,https://dl.acm.org/doi/abs/10.1145/3132300.3132337,Google Scholar,Recent research trends in the field of computer firmware development include but not limited  to security and digital forensic due to issue like Stuxnet [35] and the CIH virus damaging 60,False
eMUD: Enhanced manufacturer usage description for IoT botnets prevention on home WiFi routers,SM Sajjad; M Yousaf; H Afzal; MR Mufti,2020,Ieee Access,https://ieeexplore.ieee.org/abstract/document/9187209/,Google Scholar,only if the identified firmware vulnerabilities are low. The identified firmware vulnerabilities  are patched in case the score of the identified firmware vulnerabilities is moderate or high.,False
Identifying Multi-Binary Vulnerabilities in Embedded Firmware at Scale,N Redini; A Machiry; R Wang; C Spensky,2020,Black Hat Asia …,https://research.utwente.nl/en/publications/identifying-multi-binary-vulnerabilities-in-embedded-firmware-at-,Google Scholar,"Therefore, we assessed the remaining vulnerabilities by reverse engineering the firmware.  By using vendor-confirmed vulnerabilities and checking whether other firmware using the",False
Secure over-the-air firmware updating for automotive electronic control units,D Mbakoyiannis; O Tomoutzoglou,2019,Proceedings of the 34th …,https://dl.acm.org/doi/abs/10.1145/3297280.3297299,Google Scholar,-the-air firmware updating that brings a  security precautions and cryptographic  countermeasures for each individual component or sub-system. The objective is to overcome all,False
Towards detection of modified firmware on solid state drives via side channel analysis,D Brown; O Walker; R Rakvic; RW Ives; H Ngo,2018,Proceedings of the …,https://dl.acm.org/doi/abs/10.1145/3240302.3285860,Google Scholar,firmware or analyzing their behavior through a side channel. This paper attempts to motivate  research towards security  draw from an SSD to classify the firmware it is running. To this end,False
"Security vulnerabilities, attacks, countermeasures, and regulations of networked medical devices—A review",T Yaqoob; H Abbas,2019,… Surveys & Tutorials,https://ieeexplore.ieee.org/abstract/document/8703068/,Google Scholar,of security vulnerabilities in the firmware of connected medical devices and their underlying  causes. The common theme is the absence of security  The vulnerabilities present in the,False
{HALucinator}: Firmware re-hosting through abstraction layer emulation,AA Clements; E Gustafson; T Scharnowski,2020,29th USENIX Security …,https://www.usenix.org/conference/usenixsecurity20/presentation/clements,Google Scholar,"firmware samples and chip vendors. Finally, we demonstrate the practicality of HLE for security   , to locate multiple previously-unknown vulnerabilities in firmware middleware libraries.",False
Advanced remote firmware upgrades using TPM 2.0,A Fuchs; C Krauß; J Repp,2016,… on ICT systems security and privacy protection,https://link.springer.com/chapter/10.1007/978-3-319-33630-5_19,Google Scholar,"firmware manufacturer can be installed and downgrade attacks or attempts to install malicious  firmware  Next, we present a concept for advanced remote firmware upgrade of such an",False
Toward automated firmware analysis in the iot era,G Hernandez; F Fowze; DJ Tian; T Yavuz,2019,IEEE Security & …,https://ieeexplore.ieee.org/abstract/document/8787829/,Google Scholar,"used in devastating attacks. In this article, we discuss the problems in analyzing firmware  for security, offer case studies, and propose challenge tasks to improve firmware analysis.",False
An overview of practical attacks on ble based iot devices and their security,S Pallavi; VA Narayanan,2019,2019 5th international conference on …,https://ieeexplore.ieee.org/abstract/document/8728448/,Google Scholar,"Section 4 and 5 presents the MITM attacks, firmware attacks that we performed on “Nordic  Thingy 52” and a fitness tracker. Section 6 presents precautions to be taken by manufactures",False
An over-the-blockchain firmware update framework for IoT devices,A Yohan; NW Lo,2018,2018 IEEE Conference on Dependable and …,https://ieeexplore.ieee.org/abstract/document/8625164/,Google Scholar,"device management and firmware distribution mechanism could lead to many issues that  harm the security and privacy of the device owner. In this paper, a firmware update framework",False
{P2IM}: Scalable and hardware-independent firmware testing via automatic peripheral interface modeling,B Feng; A Mera; L Lu,2020,… USENIX Security Symposium (USENIX Security …,https://www.usenix.org/conference/usenixsecurity20/presentation/feng,Google Scholar,"In the rest of the paper, we refer to MCU firmware simply as firmware for brevity. Due to the   IoT systems, the security issues of these devices, often caused by vulnerable firmware [44],",False
Scalable graph-based bug search for firmware images,Q Feng; R Zhou; C Xu; Y Cheng; B Testa,2016,… communications security,https://dl.acm.org/doi/abs/10.1145/2976749.2978370,Google Scholar,"We found that there were 24 firmware images which could have this vulnerability, and we  were able to confirm that the vulnerabilities existed in 13 images from three vendors. These",False
Automatic Vulnerability Detection in Embedded Device Firmware and Binary Code: Survey and Layered Taxonomies,A QASEM; P SHIRANI; M DEBBABI; L WANG; B LEBEL,2018,NA,https://users.encs.concordia.ca/~wang/papers/abdullah22cusr.pdf,Google Scholar,current vulnerability detection mechanisms for firmware and  inspection of vulnerabilities in  embedded systems firmware images  and embedded system firmware analysis and examined,False
Formal verification of security critical hardware-firmware interactions in commercial SoCs,S Ray; N Ghosh; RJ Masti; A Kanuparthi,2019,Proceedings of the 56th …,https://dl.acm.org/doi/abs/10.1145/3316781.3323478,Google Scholar,securitycritical flows in a commercial System-on-Chip (SoC) which involve extensive interaction  between firmware ( with formal verification of security properties of such interactions and,False
Firmusb: Vetting usb device firmware using domain informed symbolic execution,G Hernandez; F Fowze; D Tian; T Yavuz,2017,… Security,https://dl.acm.org/doi/abs/10.1145/3133956.3134050,Google Scholar,firmware analysis framework that uses domain knowledge of the USB protocol to examine  firmware im Analysis Framework: We develop a USB-specific firmware analysis framework to,False
{FIRM-AFL}:{High-Throughput} greybox fuzzing of {IoT} firmware via augmented process emulation,Y Zheng; A Davanian; H Yin; C Song; H Zhu,2019,28th USENIX Security …,https://www.usenix.org/conference/usenixsecurity19/presentation/zheng,Google Scholar,"the lack of security in IoT  attacks exploit the vulnerabilities in IoT firmware to penetrate into  the IoT devices. As a result, it is crucial for defenders to discover vulnerabilities in IoT firmware",False
Formal security verification of concurrent firmware in SoCs using instruction-level abstraction for hardware,BY Huang; S Ray; A Gupta; JM Fung,2018,Proceedings of the 55th …,https://dl.acm.org/doi/abs/10.1145/3195970.3196055,Google Scholar,"The two classes of security objectives we consider are integrity and confidentiality of  firmware assets. For example, we wish to ensure that only the authenticated image will be",False
UpdaThing: A secure and open firmware update system for Internet of Things devices,TAD de Pinho,NA,NA,,Google Scholar,,False
Blockchain-based secure firmware update for embedded devices in an Internet of Things environment,B Lee; JH Lee,2017,The Journal of supercomputing,https://link.springer.com/article/10.1007/s11227-016-1870-0,Google Scholar,"against various attacks. In this paper, we focus on a secure firmware update issue, which  is a fundamental security challenge for the embedded devices in an IoT environment. A new",False
Toward Automated Firmware Analysis in the IoT Era,T Yavuz; P Traynor; KRB Butler,2019,NA,https://hernan.de/u/papers/Toward_Automated_Firmware_Analysis_in_the_IoT_Era.pdf,Google Scholar,"used in devastating attacks. In this article, we discuss the problems in analyzing firmware  for security, offer case studies, and propose challenge tasks to improve firmware analysis.",False
Software implementation of secure firmware update in IoT concept,L Kvarda; P Hnyk; L Vojtech,2017,Advances in Electrical and …,"https://advances.vsb.cz/data/articles/2017/Vol%2015,%20No%204/Electrical%20and%20Electronic%20Engineering/Software%20Implementation%20of%20Secure%20Firmware%20Update%20in%20IoT%20Concept.pdf",Google Scholar,"The second one is that the security measures are often neglected by users,  firmware (FW).  The last major problem is that manufacturers of IoT devices neglect or does not solve security",False
Firmware Protection,MM Hossain; F Rahman; F Farahmandi,2020,… in Hardware Security,https://link.springer.com/chapter/10.1007/978-3-030-64448-2_13,Google Scholar,"scheme of the firmware. Enhancing the security of the hardware alone cannot protect the  systems from various adversarial attacks, while keeping the firmware undefensive against",False
Verifying information flow properties of firmware using symbolic execution,P Subramanyan; S Malik; H Khattri,2016,"… Design, Automation & …",https://ieeexplore.ieee.org/abstract/document/7459333/,Google Scholar,"In this paper, we propose an approach to verify firmware security properties using symbolic  execution. We introduce a property specification language for information flow properties of",False
Frankenstein: Advanced wireless fuzzing to exploit new bluetooth escalation targets,J Ruge; J Classen; F Gringoli; M Hollick,2020,29th USENIX Security …,https://www.usenix.org/conference/usenixsecurity20/presentation/ruge,Google Scholar,parts of the Broadcom firmware that can be reached  firmware. We provide a C programming  environment to interact with the firmware image that can test hypotheses on the firmware,False
CVSkSA: cross-architecture vulnerability search in firmware based on kNN-SVM and attributed control flow graph,D Zhao; H Lin; L Ran; M Han; J Tian; L Lu,2019,Software Quality …,https://link.springer.com/article/10.1007/s11219-018-9435-5,Google Scholar,vulnerabilities in binary firmware across different architectures is crucial. Because the accuracy  of existing cross-architecture vulnerability  several vulnerabilities in real-world firmware,False
Firmware Security Validation Test Suite for Intel 9th Generation Processor,S Parekh,2020,NA,https://repository.nirmauni.ac.in/jspui/handle/123456789/9360,Google Scholar,"Chapter 4 : Automated firmware security validation test suite In this chapter the Firmware  Security Validation Test Suite is explained elaborately. It explains the flows , its capacity to",False
Detect security threat in android custom firmware by analyzing applications framework and default settings,NT Can; P Van Hau; NA Tuan,2019,PROCEEDING of Publishing …,https://proceeding.vap.ac.vn/index.php/proceedingvap/article/view/2017.00011,Google Scholar,"However, security threats may exist in other components of the operating system, rather   Framework and security threat from default settings of Android custom firmware (Custom ROMs)",False
Vulnerabilities of android OS-based telematics system,HJ Jo; W Choi; SY Na; S Woo; DH Lee,2017,Wireless Personal …,https://link.springer.com/article/10.1007/s11277-016-3618-9,Google Scholar,"without careful consideration about security issues. In this paper, we indicate the security  problems of an Android OS-based telematics system. Our target device’s firmware is offered on",False
Enhanced uptime and firmware cybersecurity for grid-connected power electronics,SJ Moquin; SY Kim; N Blair; C Farnell,2019,2019 IEEE …,https://ieeexplore.ieee.org/abstract/document/8925027/,Google Scholar,"In this paper, we report on a power electronics prototype with enhanced security features  to monitor firmware integrity during run-time, maintain power processing uptime during",False
Towards fine-grained fingerprinting of firmware in online embedded devices,Q Li; X Feng; R Wang; Z Li; L Sun,2018,IEEE INFOCOM 2018-IEEE …,https://ieeexplore.ieee.org/abstract/document/8486326/,Google Scholar,"firmware fingerprints, we can find the devices using firmware with a particular vulnerability  on the website of Common Vulnerabilities  vulnerability in CVE websites [4] and the firmware",False
Cvssa: Cross-architecture vulnerability search in firmware based on support vector machine and attributed control flow graph,H Lin; D Zhao; L Ran; M Han; J Tian,2017,… Systems and Their …,https://ieeexplore.ieee.org/abstract/document/8269599/,Google Scholar,"security incidents happening due to the malicious firmware [3] importance of the vulnerability  search in firmware. However,  vulnerabilities in the specific firmware, because the firmware",False
Towards firmware analysis of industrial Internet of Things (IIoT),G Palavicini Jr; J Bryan; E Sheets; M Kline,2017,Special Session on …,https://www.scitepress.org/PublishedPapers/2017/63937/63937.pdf,Google Scholar,"on this process to verify the exploitability of any discovered vulnerabilities. Once the firmware  is extracted, we loaded the firmware sample image into the angr framework for analysis.",False
Blockchain-based OCF firmware update,EN Witanto; YE Oktian; S Kumi,2019,… on Information and …,https://ieeexplore.ieee.org/abstract/document/8939910/,Google Scholar,"-based OCF firmware updates. The  of the firmware updates. Besides, it will prevent a  single-point-of-failure if the adversary attacks the manufacturer by providing peer-to-peer firmware",False
Basebads: Automated security analysis of baseband firmware: poster,G Hernandez; KRB Butler,2019,… 12th Conference on Security and Privacy in …,https://dl.acm.org/doi/abs/10.1145/3317549.3326310,Google Scholar,"their firmware.  firmware introspection. By understanding how basebands fail across vendors  and cellular protocols, we can understand the overall security posture of baseband firmware",False
A methodology for determining the image base of ARM-based industrial control system firmware,R Zhu; B Zhang; J Mao; Q Zhang; Y Tan,2017,International Journal of Critical …,https://www.sciencedirect.com/science/article/pii/S1874548216300014,Google Scholar,evaluate the security of an industrial control system is to reverse engineer its firmware; this  is typically performed when the source code of the device is not available and the firmware is,False
ABINRM: Scalable and Efficient Detection of Vulnerabilities in Firmware Images of Intelligent Electronic Devices,M Debbabi; L Wang; A Hanna,2018,"… and Malware, and Vulnerability …",https://books.google.com/books?hl=en&lr=&id=ayVhDwAAQBAJ&oi=fnd&pg=PA114&dq=firmware+AND+vulnerabilities+OR+detection+OR+attacks+OR+exploit+OR+vulnerability+OR+security+OR+risks+after:2016+before:2020&ots=g3WfgATXJ_&sig=5C5wnjvl5QqpO9snfjIfnDA2AdM,Google Scholar,"Second, to ensure BINARM is efficient and scalable enough to handle IED firmware images,  we design a detection engine that employs three increasingly complex stages in order to",False
A novel holistic security framework for in-field firmware updates,SK Kumar; S Sahoo; K Kiran; AK Swain,2018,… on Smart Electronic …,https://ieeexplore.ieee.org/abstract/document/8719338/,Google Scholar,"propose a security framework the microcontroller/SoC devices can incorporate for secure  in-field OTA firmware update process. The proposed holistic solution support JTAG security,",False
Security vulnerabilities of unmanned aerial vehicles and countermeasures: An experimental study,V Dey; V Pudi; A Chattopadhyay,2018,2018 31st international …,https://ieeexplore.ieee.org/abstract/document/8326960/,Google Scholar,"2 drones to identiy security vulnerabilities: reverse engineering drone firmware, removing   wireless attacks. A comparison of the two drones in terms of user-friendliness and security",False
Critical infrastructure protection: Beyond the hybrid port and airport firmware security cybersecurity applications on transport,A Chiappetta; G Cuozzo,2017,2017 5th IEEE International …,https://ieeexplore.ieee.org/abstract/document/8005666/,Google Scholar,vulnerabilities related to the maritime and air transport. More in deep will outline how unsecure  firmware  on the importance related to the firmware security and how cyber threat can be,False
Chain veri: blockchain-based firmware verification system for IoT environment,JM Lim; Y Kim; C Yoo,2018,… on internet of things (iThings) and IEEE …,https://ieeexplore.ieee.org/abstract/document/8726857/,Google Scholar,This section summarizes the vulnerabilities [10] of the existing blockchain-based firmware  verification [9]. Attackers can fraud verification by incomplete PoW (Proof-of-Work) and false,False
Blockchain-based secure firmware management system in IoT environment,M Son; H Kim,2019,2019 21st International Conference on …,https://ieeexplore.ieee.org/abstract/document/8701959/,Google Scholar,"solutions can be hardly applied and even if safe firmware is supplied, security problems   and roll-back attacks. To resolve such problems, we propose a new firmware management",False
Secure firmware update over the air in the internet of things focusing on flexibility and feasibility,S Schmidt; M Tausig; M Hudler; G Simhandl,2016,Internet of Things Software …,https://www.ietf.org/ietf-ftp/slides/slides-iotsuws-secure-firmware-update-over-the-air-in-the-internet-of-things-focusing-on-flexibility-and-feasibility-00.pdf,Google Scholar,"enhanced security. Nevertheless, signing the firmware update should never be the only  security  requirements regarding security issues derived from the process of updating firmware.",False
Secure over-the-air firmware updates for sensor networks,K Kerliu; A Ross; G Tao; Z Yun; Z Shi,2019,2019 IEEE 16th …,https://ieeexplore.ieee.org/abstract/document/9059463/,Google Scholar,"firmware updatesas updating many deployed sensors one by one is tedious. In this work, we  study secure over-the-air (OTA) firmware  node can update the firmware in all nearby sensor",False
Towards automated classification of firmware images and identification of embedded devices,A Costin; A Zarras; A Francillon,2017,… Systems Security and Privacy Protection …,https://link.springer.com/chapter/10.1007/978-3-319-58469-0_16,Google Scholar,"2 classify the firmware. Using static and dynamic analysis as well as emulation techniques   generic and firmware-specific processing, we can discover vulnerabilities within the firmware.",False
Vulnerability and Protocol Association of Device Firmware in Power Grid,J Wang; Y Sun; S Miao; Z Shi,2018,2018 Electrical Power …,https://ieeexplore.ieee.org/abstract/document/8692854/,Google Scholar,"firmware protocol vulnerabilities associated technology, through the technology of information  extraction from the mass grid device firmware  device firmware and published vulnerability",False
Decentralized firmware attestation for in-vehicle networks,A Rawat; M Khodari; M Asplund; A Gurtov,2020,ACM Transactions on Cyber …,https://dl.acm.org/doi/abs/10.1145/3418685,Google Scholar,"This enables fixing known bugs and security holes in the software.  s firmware to mitigate  known vulnerabilities and exploits, the vehicle’s firmware can maintain a higher level of security",False
The Nexmon firmware analysis and modification framework: Empowering researchers to enhance Wi-Fi devices,M Schulz; D Wegemer; M Hollick,2018,Computer Communications,https://www.sciencedirect.com/science/article/pii/S014036641731294X,Google Scholar,"of the firmware loading implementation and a proposal to enhance firmware security while   Then, we present how to secure the firmware loading procedure and how to reduce risks of",False
Trustworthy firmware update for Internet-of-Thing devices using physical unclonable functions,MA Prada-Delgado; A Vázquez-Reyes,2017,2017 Global Internet …,https://ieeexplore.ieee.org/abstract/document/8016282/,Google Scholar,"On the other hand, being constantly connected poses risks to our security and privacy.   firmware of nearby lightbulbs can be updated over-the-air to run malicious code. To avoid security",False
Blockchain-based firmware update scheme tailored for autonomous vehicles,M Baza; M Nabil; N Lasla; K Fidan,2019,2019 IEEE wireless …,https://ieeexplore.ieee.org/abstract/document/8885769/,Google Scholar,", eg, using security patches. In this paper, we propose a distributed firmware update scheme   works that addressed the the security of firmware update . In [13], Nilsson et al. proposed a",False
How to make firmware updates over lorawan possible,K Abdelfadeel; T Farrell; D McDonald,2020,2020 IEEE 21st …,https://ieeexplore.ieee.org/abstract/document/9217759/,Google Scholar,An efficient approach is particularly desirable for frequent small firmware updates such  as security patches whereby the overhead of the initial phase can be much higher than,False
A secure IoT firmware update framework based on MQTT protocol,NW Lo; SH Hsu,2020,… Systems Architecture and Technology: Proceedings of …,https://link.springer.com/chapter/10.1007/978-3-030-30440-9_18,Google Scholar,support security features required for IoT firmware  security modules and they have stored  the identities (ID MF ) of their manufacturers. We assume firmware patch servers and firmware,False
Poster: Fuzzing iot firmware via multi-stage message generation,B Yu; P Wang; T Yue; Y Tang,2019,… computer and communications security,https://dl.acm.org/doi/abs/10.1145/3319535.3363247,Google Scholar,"vulnerabilities in IoT firmware is of vital significance. Recent research proposes to detect  vulnerability in IoT firmware  We also found five new vulnerabilities in the firmware of Mikrotik,",False
OTA firmware updates for LoRaWAN using blockchain,NS Mtetwa; N Sibeko; P Tarwireyi,2020,2020 2nd …,https://ieeexplore.ieee.org/abstract/document/9334108/,Google Scholar,The security during firmware update was out of the scope for this work. In [13] the authors   a Blockchain-based firmware update mechanism to enhance LoRaWAN security during the,False
IoT privacy and security challenges for smart home environments,H Lin; NW Bergmann,2016,Information,https://www.mdpi.com/2078-2489/7/3/44,Google Scholar,"We consider the largest vulnerability to be the lack of dedicated security professionals who   version of firmware with security vulnerabilities as the latest version, resulting in the firmware",False
"Anatomy of a vulnerable fitness tracking system: Dissecting the fitbit cloud, app, and firmware",J Classen; D Wegemer; P Patras; T Spink,2018,Proceedings of the ACM …,https://dl.acm.org/doi/abs/10.1145/3191737,Google Scholar,"Many of the vulnerabilities described in this article could only be detected by examining all   , and tracker firmware. Despite the complexity of the steps required to perform these attacks,",False
Control logic injection attacks on industrial control systems,H Yoo; I Ahmed,2019,ICT Systems Security and Privacy Protection: 34th IFIP …,https://link.springer.com/chapter/10.1007/978-3-030-22312-0_3,Google Scholar,"attacks: (1) Data Execution, and (2) Fragmentation and Noise Padding. These attacks   control logic to a PLC or modifying PLC firmware to support new (obfuscation) functionality.",False
IoT Penetration Testing Cookbook: Identify vulnerabilities and secure your smart devices,A Guzman; A Gupta,2017,NA,https://books.google.com/books?hl=en&lr=&id=rEFPDwAAQBAJ&oi=fnd&pg=PP1&dq=firmware+AND+vulnerabilities+OR+detection+OR+attacks+OR+exploit+OR+vulnerability+OR+security+OR+risks+after:2016+before:2020&ots=DrEfAYJuul&sig=ellmsxYmXWQfwXjLC7CUIYltTg4,Google Scholar,"project, providing practical guidance to address the most common firmware security bugs for   of firmware security, web application security, mobile application security, hardware security",False
Software implementation of a secure firmware update solution in an IOT context,L Kvarda; P Hnyk; L Vojtech; Z Lokaj,2016,… in Electrical and …,https://pdfs.semanticscholar.org/7515/43344eee3b7716e4fbcdcf57c6520de0afe0.pdf,Google Scholar,The paper describes a software implementation of a secure firmware update solution in an  IoT context. Our goal is to find out whether it would be possible to integrate security features,False
Enabling firmware updates over LPWANs,J Jongboom; J Stokking,2018,Embed. World Conf,http://janjongboom.com/downloads/ew2018-paper.pdf,Google Scholar,"integrity of the firmware. It involves timing and message level security and accounts for packet  loss. However, a good firmware update process also requires additional security on top of",False
Iot device firmware update over lora: The blockchain solution,A Anastasiou; P Christodoulou,2020,… Computing in Sensor …,https://ieeexplore.ieee.org/abstract/document/9183571/,Google Scholar,"devices security is the process of updating the firmware in a way that the integrity of the  firmware is validated. Without adopting any security mechanism, it is possible that the firmware",False
Verification of authenticated firmware load,SK Muduli; P Subramanyan; S Ray,2019,Cryptology ePrint Archive,https://eprint.iacr.org/2019/564,Google Scholar,This paper introduced a methodology for verification of endto-end security of authenticated  firmware loaders. Authenticated loaders are an important class of programs which are part of,False
Sensitive data leakage detection in pre-installed applications of custom android firmware,NT Cam; VH Pham; T Nguyen,2017,2017 18th IEEE International …,https://ieeexplore.ieee.org/abstract/document/7962474/,Google Scholar,"firmware. However, they analyzed separate pre-installed applications. In this study we propose  a system, uitXROM, to detect sensitive data leakage in custom Android firmware  firmware",False
"Security of cctv and video surveillance systems: Threats, vulnerabilities, attacks, and mitigations",A Costin,2016,Proceedings of the 6th international workshop on …,https://dl.acm.org/doi/abs/10.1145/2995289.2995290,Google Scholar,"Below we summarize a set of recommendations that we hope can help increase the security  of the hardware, firmware and network communication of video surveillance systems. With",False
Firmware Update Trend in the Internet of Things-An Empirical Survey of Japanese HGW Vendors,I Mizukoshi; A Nakanishi; A Goto,2016,… Security and Risk Management …,https://www.researchgate.net/profile/Natalie-Walker-15/publication/297336676_Proceedings_of_the_International_Conference_on_Computing_Technology_Information_Security_and_Risk_Management_CTISRM2016_Dubai_UAE_2016/links/56de72a108aeb8b66f94b260/Proceedings-of-the-International-Conference-on-Computing-Technology-Information-Security-and-Risk-Management-CTISRM2016-Dubai-UAE-2016.pdf#page=21,Google Scholar,Firmware vulnerability is a serious concern in the Internet of  Malicious hackers attack HGW  utilizing its vulnerability. HGW  current situation regarding vulnerability management by the,False
Towards Side-Channel Secure Firmware Updates: A Minimalist Anomaly Detection Approach,OM Guillen; F De Santis; R Brederlow,2016,… and Practice of Security,https://link.springer.com/chapter/10.1007/978-3-319-51966-1_23,Google Scholar,"updates: if the secret key is leaked, then the firmware is exposed and can be replaced by   simple anomaly detection measures can effectively increase the security of encrypted firmware",False
Breaking mobile firmware encryption through near-field side-channel analysis,A Vasselle; P Maurine; M Cozzi,2019,… and Solutions in Hardware Security …,https://dl.acm.org/doi/abs/10.1145/3338508.3359571,Google Scholar,and most of the time prevents vulnerability exposure.  the firmware encryption key and expose  unseen vulnerabilities.  -channel attacks can enable decryption of closed-source firmware.,False
Security threat on wearable services: Empirical study using a commercial smartband,M Lee; K Lee; J Shim; S Cho,2016,2016 IEEE International …,https://ieeexplore.ieee.org/abstract/document/7804766/,Google Scholar,", the concern about their security becomes critical. According to HP  to security attacks,  having a risk to leak personal data. Several studies demonstrate that firmware update vulnerability",False
Internet of things (IoT): Vulnerabilities and remediation strategies,P Anand; Y Singh; A Selwal,2020,The International Conference on Recent …,https://link.springer.com/chapter/10.1007/978-981-15-8297-4_22,Google Scholar,"The adversaries are even easily reprogramming the firmware of IoT devices [8]. Consequently,  in this article, we primarily focused on the major vulnerabilities in IoT devices that are",False
Firmware verification of embedded devices based on a blockchain,B Lee; S Malik; S Wi; JH Lee,2017,"… , Reliability, Security and Robustness in …",https://link.springer.com/chapter/10.1007/978-3-319-60717-7_6,Google Scholar,"Recent cyber attacks are targeting firmware, which is a software program on an  security  properties have not been applied yet to the embedded devices. Many bugs and vulnerabilities of",False
SMA: A system-level mutual authentication for protecting electronic hardware and firmware,U Guin; S Bhunia; D Forte,2016,IEEE Transactions on …,https://ieeexplore.ieee.org/abstract/document/7585119/,Google Scholar,We will show in Section 3.4 the security of the obfuscated firmware can be OðNIÞ and the  designer can select any I paths. Algorithm-1 shows the pseudo-code for the algorithm to find,False
A case study on implementing false data injection attacks against nonlinear state estimation,C Konstantinou; M Maniatakos,2016,… on cyber-physical systems security and …,https://dl.acm.org/doi/abs/10.1145/2994487.2994491,Google Scholar,"(DSP) of the RTU locates and loads the firmware which is then being decrypted on the fly   of FDI attacks through flash memory data modifications, we focus on the firmware reverse",False
Toward machine learning based analyses on compressed firmware,S Lee; JY Paik; R Jin; ES Cho,2019,2019 IEEE 43rd Annual …,https://ieeexplore.ieee.org/abstract/document/8754220/,Google Scholar,"of firmware security is also growing. However, it is not straightforward to analyze the bugs or  vulnerabilities that reside in firmware. One  architectures of compressed firmware. Traditional",False
Can you call the software in your device be firmware?,R Hassan; K Markantonakis,2016,2016 IEEE 13th …,https://ieeexplore.ieee.org/abstract/document/7809921/,Google Scholar,"of firmware we conducted a qualitative analysis of its properties, functionalities and security.  We examined the use of the terminology over a period of years and found that firmware is",False
Leveraging Domain Knowledge to Enable and Scale Firmware Security Testing,GH Hernandez,2020,NA,https://search.proquest.com/openview/fff45bbebc9d99e1b425e6fc6f50816e/1?pq-origsite=gscholar&cbl=18750&diss=y,Google Scholar,scaling security testing of binary firmware. We also highlight the limitations of current frameworks  when applied to firmware and extend the state-of-the-art in firmware security  firmware,False
Method of forensic analysis for compromising carrier-lock algorithm on 3G modem firmware,V Zhukovskyy; N Zhukovska; A Vlasyuk,2019,2019 IEEE 2nd …,https://ieeexplore.ieee.org/abstract/document/8879941/,Google Scholar,The firmware of one popular 3G modem for security issues is investigated. A binary file is  reverse engineered using IDA Pro Disassembler and the carrier-lock code algorithm is found.,False
Design aspects for upgrading firmware of a resource constrained device in the field,P Pingale; K Amrutkar; S Kulkarni,2016,2016 IEEE International …,https://ieeexplore.ieee.org/abstract/document/7807959/,Google Scholar,The applications like IoT need robust security mechanisms as smallest part of the world will  also be connected to the internet; its in-field firmware upgrade with high security is a major,False
Integrity checking of railway interlocking firmware,R Bäckman; I Oliver; G Limonta,2020,"Computer Safety, Reliability, and Security …",https://link.springer.com/chapter/10.1007/978-3-030-55583-2_12,Google Scholar,"of firmware attacks, a reboot of the device is required to take effect. Either the reboot is directly  triggered by the tampered firmware  Detecting firmware attacks depends upon the element",True
Secure firmware update over the air using trustzone,R Dhobi; S Gajjar; D Parmar,2019,2019 Innovations in …,https://ieeexplore.ieee.org/abstract/document/8959992/,Google Scholar,update new firmware. TrustZone will provide authenticity and security of the firmware to be   and security of firmware. We use a digital signature algorithm to verify the authenticity of the,False
Neural network-based graph embedding for cross-platform binary code similarity detection,X Xu; C Liu; Q Feng; H Yin; L Song,2017,… communications security,https://dl.acm.org/doi/abs/10.1145/3133956.3134018,Google Scholar,"detection, vulnerability search, etc. Among these security applications, vulnerability search in  firmware  vendor-issued firmware is released with multiple known vulnerabilities, and many",False
Universal firmware upgrade over-the-air for IoT devices with security,P Thakur; V Bodade; A Achary,2019,… on Computing for …,https://ieeexplore.ieee.org/abstract/document/8991250/,Google Scholar,"Generally, OTA upgrades are prone to many security threats but we proposed a system  where we provide a secure means of firmware upgrades by implementing the concept of Device",False
Review of PLC security issues in industrial control system,X Pan; Z Wang; Y Sun,2020,Journal of Cybersecurity,https://search.proquest.com/openview/325a52cdb9e28bf03bfe2143d1dbd133/1?pq-origsite=gscholar&cbl=4585457,Google Scholar,"Then we analyze the PLC code security, firmware security, network security, virus vulnerability  and Modbus  Finally, we make a summary of the current security protection methods.",False
Uefi firmware fuzzing with simics virtual platform,Z Yang; Y Viktorov; J Yang; J Yao,2020,2020 57th ACM/IEEE …,https://ieeexplore.ieee.org/abstract/document/9218694/,Google Scholar,This paper tries to bring the best testing practices used in software community to firmware  security validation into VP to enable early quality assurance and security testing of SW/FW.,False
Towards protection against a usb device whose firmware has been compromised or turned as 'BadUSB',U Shafique; SB Zahur,2019,Future of Information and Communication …,https://link.springer.com/chapter/10.1007/978-3-030-12385-7_66,Google Scholar,vulnerability in the firmware of a USB device and updates it by flashing and re-writing the  firmware or writing scripts within the memory gaps that are generated once the firmware is,False
Detect malware in android firmware based on distributed network environment,NT Cam; T Nguyen; K Nguyen,2019,2019 IEEE 19th …,https://ieeexplore.ieee.org/abstract/document/8947099/,Google Scholar,"firmware analysis is necessary. We have to conduct more study in Android firmware security   components of the Android firmware such as library, Application framework, or Linux kernel.",False
Factors influencing the decision to proceed to firmware upgrades to implanted pacemakers for cybersecurity risk mitigation,LA Saxon; N Varma; LM Epstein; LI Ganz; AE Epstein,2018,Circulation,https://www.ahajournals.org/doi/abs/10.1161/CIRCULATIONAHA.118.034781,Google Scholar,This analysis indicates that most patients and clinicians impacted by a cybersecurity recall  react conservatively to the potential risk of an exploit and do not elect to have a firmware,False
Cyber-attacks related to intelligent electronic devices and their countermeasures: A review,J Wang; D Shi,2018,2018 53rd International Universities Power …,https://ieeexplore.ieee.org/abstract/document/8542059/,Google Scholar,and engineers of up-to-date attacks and to inspire studies on countermeasures to protect  IEDs  Firmware update modification is a common threat related to IED firmware. Vendors often,False
Shaping the glitch: optimizing voltage fault injection attacks,C Bozzato; R Focardi; F Palmarini,2019,IACR transactions on …,https://iris.unive.it/handle/10278/3724485,Google Scholar,"security checks or generating side-channels that gradually leak sensitive data, including the  firmware  present new, unpublished firmware extraction attacks on six microcontrollers from",False
Consumer IoT: Security vulnerability case studies and solutions,T Alladi; V Chamola; B Sikdar,2020,IEEE Consumer …,https://ieeexplore.ieee.org/abstract/document/8977812/,Google Scholar,security vulnerabilities either via secure over-the-air (OTA) updates or via another alternate  mechanism. The secure tokens meant for firmware  to modify the firmware and take control of,False
A firmware code gene extraction technology for IoT terminal,X Zhu; Q Li; P Zhang,2019,IEEE Access,https://ieeexplore.ieee.org/abstract/document/8931782/,Google Scholar,The purpose of this paper is to reveal the existence of the firmware code genes rather than  security detection based on firmware code genes; therefore security detection has exceeded,False
Open source firmware,J Frazelle,2019,Communications of the ACM,https://dl.acm.org/doi/fullHtml/10.1145/3343042,Google Scholar,"The project, started by Trammel Hudson, is influenced by several years of firmware  vulnerability research (Thunderstrike; https://trmm. net/Thunderstrike; and Thunderstrike 2; https://",False
Looking from the mirror: Evaluating {IoT} device security through mobile companion apps,X Wang; Y Sun; S Nanda; XF Wang,2019,28th USENIX security symposium …,https://www.usenix.org/conference/usenixsecurity19/presentation/wang-xueqiang,Google Scholar,"confirmation, our platform contains an additional component called Device Firmware Collector.  It leverages the code analysis results output by the App Analysis Engine (eg,",False
DOVE: Pinpointing firmware security vulnerabilities via symbolic control flow assertion mining (work-in-progress),A Danese; G Pravadelli; V Bertacco,2017,… of the Twelfth IEEE/ACM/IFIP …,https://dl.acm.org/doi/abs/10.1145/3125502.3125541,Google Scholar,"proposes DOVE, Detection Of rmware VulnErabilities. DOVE is a framework capable of  identifying the unlikely execution ows of a rmware where security vulnerabilities can escape",False
Beyond BIOS: developing with the unified extensible firmware interface,V Zimmer; M Rothman; S Marisetty,2017,NA,https://books.google.com/books?hl=en&lr=&id=wylDDgAAQBAJ&oi=fnd&pg=PR5&dq=firmware+AND+vulnerabilities+OR+detection+OR+attacks+OR+exploit+OR+vulnerability+OR+security+OR+risks+after:2016+before:2020&ots=XKKkeo2Yxe&sig=nlMHJkv7X7Q7bwZFUZ0gLurHSWY,Google Scholar,Chapter 10 describes UEFI and platform initialization issues around security and platform  trust. This is important because beyond the basic UEFI and Platform Initialization specifications,False
{BigMAC}:{Fine-Grained} policy analysis of android firmware,G Hernandez; DJ Tian; AS Yadav; BJ Williams,2020,29th USENIX Security …,https://www.usenix.org/conference/usenixsecurity20/presentation/hernandez,Google Scholar,"security policies from static firmware images, without the need for a rooted device, and recover  runtime security  To examine and query the security policy of an Android firmware image,",False
Towards holistic secure networking in connected vehicles through securing CAN-bus communication and firmware-over-the-air updating,G Kornaros; O Tomoutzoglou; D Mbakoyiannis,2020,Journal of Systems …,https://www.sciencedirect.com/science/article/pii/S1383762120300552,Google Scholar,"secure deployment of apps/firmware to ensure that apps  security needs that emerge in  open bus-based networks, we introduce a secure technology that helps to prevent cyber-attacks",False
Beneath the bonnet: A breakdown of diagnostic security,J Van den Herrewegen; FD Garcia,2018,… on Research in Computer Security …,https://link.springer.com/chapter/10.1007/978-3-319-99073-6_15,Google Scholar,"Additionally, we identified a supplementary security issue in the firmware of this particular  unit: if the diagnostic client provides an invalid response, the ECU performs an extra check,",False
On code execution tracking via power side-channel,Y Liu; L Wei; Z Zhou; K Zhang; W Xu; Q Xu,2016,… communications security,https://dl.acm.org/doi/abs/10.1145/2976749.2978299,Google Scholar,"system attacks, eg, key extraction attacks and firmware modification attacks. Code execution  tracking, as the first step to locate vulnerable instruction pieces for key extraction attacks",False
"Introducing the robot security framework (rsf), a standardized methodology to perform security assessments in robotics",VM Vilches; LA Kirschgens; AB Calvo,2018,arXiv preprint arXiv …,https://arxiv.org/abs/1806.04042,Google Scholar,• Formalized firmware layer. We adopt a commonly accepted definition of firmware suitable  for the  We apply this definition to the previous ’Firmware and Operating System layer’ and,False
Towards a framework for testing the security of IoT devices consistently,G Lally; D Sgandurra,2018,"… , ETAA 2018, Barcelona, Spain, September 7, 2018 …",https://link.springer.com/chapter/10.1007/978-3-030-04372-8_8,Google Scholar,"We then tested possible vulnerabilities to the firmware and update mechanism. Upon  actually setting up the device and connecting to the router, a prompt was made by a webpage to",False
Verification of authenticated firmware loaders,SK Muduli; P Subramanyan,2019,2019 Formal Methods in …,https://ieeexplore.ieee.org/abstract/document/8894262/,Google Scholar,This paper introduced a methodology for verification of endto-end security of authenticated  firmware loaders. Authenticated loaders are an important class of programs which are part of,False
"A ST X-Nucleo-based telemetry unit for detection and WiFi transmission of competition car sensors data: firmware development, sensors testing and real-time …",P Visconti; B Sbarro; P Primiceri,2017,International Journal on Smart …,https://sciendo.com/pdf/10.21307/ijssis-2018-019,Google Scholar,"Relatively to firmware development, it is performed on MBED development platform which   the firmware programming totally on-line without software installation on PC; after the firmware",False
Infield firmware update: Challenges and solutions,N Jain; SG Mali; S Kulkarni,2016,2016 International Conference on …,https://ieeexplore.ieee.org/abstract/document/7754349/,Google Scholar,These issues can be broadly categorized as safety related issues and security related  issues. These issues might happen during transfer of firmware from manufacturer to customer or,False
IoTFuzzer: Discovering Memory Corruptions in IoT Through App-based Fuzzing.,J Chen; W Diao; Q Zhao; C Zuo; Z Lin; XF Wang,2018,NDSS,https://staff.ie.cuhk.edu.hk/~khzhang/my-papers/2018-ndss-iot.pdf,Google Scholar,"vulnerabilities in IoT devices without access to their firmware images. The key idea is based  upon the observation that most IoT devices are controlled through their official mobile apps,",False
Fitness trackers: fit for health but unfit for security and privacy,H Fereidooni; T Frassetto; M Miettinen,2017,2017 IEEE/ACM …,https://ieeexplore.ieee.org/abstract/document/8010569/,Google Scholar,vulnerabilities in firmware update process to either manipulate the firmware or inject crafted  version of the firmware  We reveal serious security-related vulnerabilities in these devices,False
A search-based firmware code analysis method for IoT devices,Y Xu; T Liu; P Liu; H Sun,2018,… and Network Security (CNS),https://ieeexplore.ieee.org/abstract/document/8433163/,Google Scholar,"The firmware vulnerability is one of the most serious threats for Internet-of-Things (IoT) security.   Exploiting the firmware vulnerability of Netgear wireless router, the attacker can execute",False
Teaching your wireless card new tricks: Smartphone performance and security enhancements through wi-fi firmware modifications,M Schulz,2018,NA,https://tuprints.ulb.tu-darmstadt.de/7243,Google Scholar,"found by reverse engineering chips and their firmware. As firmware modifications pose  security risks, we discuss how to secure firmware handling without impeding experimentation on",False
Architectures for Security: A comparative analysis of hardware security features in Intel SGX and ARM TrustZone,MA Mukhtar; MK Bhatti,2019,2019 2nd International …,https://ieeexplore.ieee.org/abstract/document/8680982/,Google Scholar,"Normal and security-critical applications are executing on a large untrusted computing  base, which includes an operating system, hypervisor, firmware, and hardware. This large",False
Volatile memory forensics acquisition efficacy: A comparative study towards analysing firmware-based rootkits,J Taylor; B Turnbull; G Creech,2018,"… on Availability, Reliability and Security",https://dl.acm.org/doi/abs/10.1145/3230833.3232810,Google Scholar,"detection by traditional techniques [10]. Against this, memory forensics proven to be a suitable  technique capable of both detection  exploits widespread firmware vulnerabilities, as a",True
Replace your exploit-ridden firmware with a Linux kernel,R Minnich; G shun Lim; R O'Leary; C Koch; X Chen,2017,NA,https://www.mikrocontroller.net/attachment/353216/Linuxcon_2017_NERF.pdf,Google Scholar,● 2 ½ hidden OSes in your Intel x86 system● They have many capabilities● They have  network stacks and web servers● They implement self-modifying code that can persist across,False
USB-based attacks,N Nissim; R Yahalom; Y Elovici,2017,Computers & Security,https://www.sciencedirect.com/science/article/pii/S0167404817301578,Google Scholar,"These attacks are initiated when the host performs a malicious firmware update in which  the USB device's firmware is modified by the attacker; from then on, the original USB device",False
Improving the security of wireless sensor networks in an IoT environmental monitoring system,M Tellez; S El-Tawab,2016,2016 IEEE systems and …,https://ieeexplore.ieee.org/abstract/document/7489330/,Google Scholar,"our thesis is the security of firmware at the L1 layer and not the upper layers then building  on top of the L1 layer suffices the proof of concept. Furthermore, if the security is broken at the",False
Hyperfuzzing for soc security validation,SK Muduli; G Takhar; P Subramanyan,2020,Proceedings of the 39th …,https://dl.acm.org/doi/abs/10.1145/3400302.3415709,Google Scholar,"used in the context of firmware security validation [10, 14] security specification and an  adversary model that allows modeling of various kinds of attacks, ranging from malicious firmware",False
Implementation of a custom time-domain firmware trigger for RADAR-based cosmic ray detection,S Prohira; D Besson; S Kunwar; K Ratzlaff,2018,Nuclear Instruments and …,https://www.sciencedirect.com/science/article/pii/S0168900218302055,Google Scholar,the firmware implementation of a different trigger method that may increase our sensitivity  to EAS radio-scatter detection. Feasibility studies and detection outlook are also discussed.,False
Pacemaker firmware update and interrogation malfunction,JZ Lee; MJ Henrich; P Bibby; SK Mulpuru,2019,HeartRhythm case …,https://www.sciencedirect.com/science/article/pii/S2214027119300016,Google Scholar,software patch that updates firmware to patch cybersecurity vulnerabilities. Because to date   firmware update must be balanced against the theoretical risk of a cybersecurity vulnerability,False
Secure and lightweight firmware update framework for iot environment,A Yohan; NW Lo; LP Santoso,2019,2019 IEEE 8th Global …,https://ieeexplore.ieee.org/abstract/document/9015316/,Google Scholar,"attacks, it is necessary to keep the device’s firmware up to date. Traditionally, the new version  of firmware  -to-end security of the distributed firmware during the firmware update process.",False
An efficient blockchain-based firmware update framework for iot environment,MH Tsai; YC Hsu; NW Lo,2020,… Conference on Information Security …,https://ieeexplore.ieee.org/abstract/document/9194134/,Google Scholar,"firmware vulnerabilities is the most effective and easy way for malicious attacker. For example,  attackers had utilized the firmware vulnerability  a new version of the firmware as soon as",False
Kcad: kinetic cyber-attack detection method for cyber-physical additive manufacturing systems,SR Chhetri; A Canedo,2016,2016 IEEE/ACM …,https://ieeexplore.ieee.org/abstract/document/7827651/,Google Scholar,": In the experimental section, we have tested the KCAD with firmware modification attacks  introducing simple variation in the x, yaxis. However, more complex variation can be",False
Low-cost and secure firmware obfuscation method for protecting electronic systems from cloning,B Cyr; J Mahmod; U Guin,2019,IEEE Internet of Things Journal,https://ieeexplore.ieee.org/abstract/document/8598922/,Google Scholar,"demonstrated different attacks on STM32F0, a predecessor to STM32F4, to bypass these  protections. We use these attacks to show how an attacker can access the firmware of the",False
Remote inter-chip power analysis side-channel attacks at board-level,F Schellenberg; DRE Gnad; A Moradi,2018,2018 IEEE/ACM …,https://ieeexplore.ieee.org/abstract/document/8587673/,Google Scholar,"• Our results prove that board-level power analysis attacks are possible through firmware,  and also highlight the threat of a malicious chip introduced in the supply chain. • Depending on",False
Sok: Understanding the prevailing security vulnerabilities in trustzone-assisted tee systems,D Cerdeira; N Santos; P Fonseca,2020,… Security and Privacy (SP …,https://ieeexplore.ieee.org/abstract/document/9152801/,Google Scholar,"and vulnerabilities as well as by reverse engineering the TEE firmware, we identified several  critical vulnerabilities  to raise reasonable concerns about the security of commercial TEE",False
"Cyber–physical security of powertrain systems in modern electric vehicles: Vulnerabilities, challenges, and future visions",J Ye; L Guo; B Yang; F Li; L Du,2020,IEEE Journal of …,https://ieeexplore.ieee.org/abstract/document/9296745/,Google Scholar,"of internal combustion engine vehicles and fails to address the cyber–physical security of   –physical security are discussed for connected EVs from the perspective of firmware security,",False
{ATtention} spanned: Comprehensive vulnerability analysis of {AT} commands within the android ecosystem,DJ Tian; G Hernandez; JI Choi; V Frost,2018,27th USENIX security …,https://www.usenix.org/conference/usenixsecurity18/presentation/tian,Google Scholar,"To understand the prevalence and security impact of AT commands on the Android  ecosystem, we perform firmware analysis and runtime vulnerability analysis, and we launch",False
Research of Industrial Control System Device Firmware Vulnerability Mining Technology Based on Taint Analysis,Y Li; X Liu; H Tian; C Luo,2018,2018 IEEE 9th International …,https://ieeexplore.ieee.org/abstract/document/8663828/,Google Scholar,research on firmware vulnerability mining and the traditional method of vulnerability mining   a new method of mining vulnerabilities in industrial control ~y~1em firmware. Based on taint,False
Remote configuration of integrated circuit features and firmware management via smart contract,MN Islam; S Kundu,2019,2019 IEEE International Conference on …,https://ieeexplore.ieee.org/abstract/document/8946178/,Google Scholar,"for helping vendors package their firmware updates, and serves as an  for firmware updates  has very limited scalability, exposes billions of weak points that compromise network security",False
Bootkeeper: Validating software integrity properties on boot firmware images,R Chevalier; S Cristalli; C Hauser,2019,… Application Security …,https://dl.acm.org/doi/abs/10.1145/3292006.3300026,Google Scholar,"control the firmware can control any parts of the software and undermine the security of the   Without any protection of the integrity of the boot firmware, we cannot assure any security",True
Determining the base address of MIPS firmware based on absolute address statistics and string reference matching,X Zhu; Y Zhang; L Jiang; R Chang,2020,Computers & Security,https://www.sciencedirect.com/science/article/pii/S0167404819300860,Google Scholar,the accurate firmware base address is not only the prerequisite for disassembling firmware   a few address determination methods of MIPS firmware highly rely on researcher’s manual,False
Evaluating machine learning models for Android malware detection: A comparison study,MS Rana; C Gudla; AH Sung,2018,Proceedings of the 2018 VII International …,https://dl.acm.org/doi/abs/10.1145/3301326.3301390,Google Scholar,"firmware or Cloning hardware and services. Software-based attacks: In software-based  attacks Firmware-based attacks: In firmware-based attacks, attackers modify or change programs",False
Firmware insider: Bluetooth randomness is mostly random,J Tillmanns; J Classen; F Rohrbach,2020,arXiv preprint arXiv …,https://arxiv.org/abs/2006.16921,Google Scholar,"However, Broadcom improved firmware security and added stack canaries, which prevent  calling functions out of context without additional modifications within our patches. As of now,",False
An overview of cyber-physical security of battery management systems and adoption of blockchain technology,T Kim; J Ochoa; T Faika; HA Mantooth,2020,IEEE Journal of …,https://ieeexplore.ieee.org/abstract/document/8964396/,Google Scholar,"overall security vulnerabilities from potential cyber-attacks and  As a result of this firmware  vulnerability, the charging circuitry  This case shows that the security concern is still prevalent",False
IDEA: Intrusion detection through electromagnetic-signal analysis for critical embedded and cyber-physical systems,HA Khan; N Sehatbakhsh; LN Nguyen,2019,… on Dependable and …,https://ieeexplore.ieee.org/abstract/document/8786207/,Google Scholar,"We assume that the attacker inserted the malicious code through firmware modification. We   an important class of malware (APT and firmware modification attacks), we assume that the",False
"The effect of IoT new features on security and privacy: New threats, existing solutions, and challenges yet to be solved",W Zhou; Y Jia; A Peng; Y Zhang,2018,IEEE Internet of things …,https://ieeexplore.ieee.org/abstract/document/8386824/,Google Scholar,"] on the device firmware and source. In 2014, Zaddach et al. [31] put forward a framework  to support dynamic security analysis for a variety of embedded systems’ firmware. However, it",False
Determining image base of firmware files for ARM devices,R Zhu; Q ZHANG; F WU; J ZHENG,2016,… on Information and …,https://search.ieice.org/bin/summary.php?id=e99-d_2_351,Google Scholar,"However, when disassembling a firmware file, the  determine the image base of a firmware  file with ARM/Thumb instruction  out the image base for the majority of example firmware files.",False
How Little is Enough? Implementation and Evaluation of a Lightweight Secure Firmware Update Process for the Internet of Things.,S Schmidt; M Tausig; M Koschuch; M Hudler,2018,IoTBDS,https://www.scitepress.org/PublishedPapers/2018/66703/66703.pdf,Google Scholar,"In Section 2 we give an overview of the most important security requirements of an embedded  system, as well as of the challenges that arise during the firmware update process. We",False
Secure Firmware Update in Schneider Electric IOT-enabled offers,JP Fassino; B Jean-Michel,2016,Internet of Things Software Update Workshop …,https://www.ietf.org/slides/slides-iotsuws-secure-firmware-update-in-schneider-electric-iot-enabled-offers-00.pdf,Google Scholar,"To mitigate attack at development or build time, like inserting vulnerabilities or backdoors  in the firmware, a Security Development Lifecycle (SDL) is deploy in R&D team, including",False
Smart attacks against intelligent wearables in people-centric internet of things,J Liu; W Sun,2016,IEEE Communications Magazine,https://ieeexplore.ieee.org/abstract/document/7786109/,Google Scholar,device and the firmware updates. Jakob [9] provided two routes to avoid firmware attacks for  Activity Withings. The first is to remove all debug strings from production firmware in Withings,False
Sustainable and practical firmware upgrade for wireless access point using password-based authentication,J Jang; IY Jung,2016,Sustainability,https://www.mdpi.com/2071-1050/8/9/876,Google Scholar,by exploiting the vulnerabilities in firmware upgrades to install malicious firmware. To address  this  The proposed upgrade protocol ensures security by adding freshness to the firmware,False
Static Vulnerability Detection Technology for the Embedded Firmware Web Code Based on DS Evidence Theory,W Si-qi; M Si-wei; Z Xiao-ling,2019,Journal of Beijing …,https://journal.bupt.edu.cn/EN/10.13190/j.jbupt.2018-212,Google Scholar,detection of firmware web vulnerabilities. This method can detect common Web vulnerabilities  in firmware  vulnerabilities reasoning models based on D鄄S evidence theory. Key words:,False
Fallback control for isochronous energy storage systems in autonomous microgrids under denial-of-service cyber-attacks,M Chlela; D Mascarella; G Joos,2017,IEEE transactions on …,https://ieeexplore.ieee.org/abstract/document/7849190/,Google Scholar,[39] examined the feasibility of firmware modification attacks on smart grid field devices and   to perform a successful firmware attack. By manipulating the firmware an attacker could,False
Embedded security testing with peripheral device caching and runtime program state approximation,M Kammerstetter; D Burian,2016,… on Emerging Security …,https://personales.upv.es/thinkmind/dl/conferences/securware/securware_2016/securware_2016_2_10_30082.pdf,Google Scholar,"Our approach could ultimately render existing dynamic firmware security analysis techniques  more powerful by enabling functions such as snapshotting, test parallelization or testing",False
Discovery and Remediation of Vulnerabilities in Monolithic IoT Firmware,ED Gustafson,2020,NA,https://search.proquest.com/openview/70cd1f78f731036333f9bf3990bd05ca/1?pq-origsite=gscholar&cbl=18750&diss=y,Google Scholar,"we will propose two techniques: an automated approach based on observing and  modeling the original device’s hardware, and a semi-automatic approach based on",False
An architecture to enable secure firmware updates on a distributed-trust iot network using blockchain,GGR Roy; S Britto Ramesh Kumar,2019,International Conference on Computer …,https://link.springer.com/chapter/10.1007/978-981-10-8681-6_61,Google Scholar,the security be updated to counter security attacks. Every device has to be updated to the  latest firmware to  a secure firmware update in a distributed trust-based blockchain IoT network.,False
Simulation of attacks for security in wireless sensor network,A Diaz; P Sanchez,2016,Sensors,https://www.mdpi.com/1424-8220/16/11/1932,Google Scholar,"In addition, security is also a very important feature that has  In this paper, a methodology  for security analysis of Wireless  /firmware or attack countermeasures to provide security in",False
Efficient reverse engineering of automotive firmware,A Milburn; N Timmers,2018,escar USA,http://noopwafel.net/escar2018-paper.pdf,Google Scholar,"text firmware, which means that reverse engineering of firmware may be inevitable. Rather  than relying on confidentiality of firmware, we recommend using dedicated hardware security (",False
Classifying proprietary firmware on a solid state drive using idle state current draw measurements,TO Walker; JA Blanco; R Rakvic; A Vanleer,2020,IEEE …,https://ieeexplore.ieee.org/abstract/document/8995573/,Google Scholar,We begin with a brief discussion of other firmware-focused security research being conducted  on SSDs and then provide a discussion of power-related side channel analysis both as it,False
Binding hardware and software to prevent firmware modification and device counterfeiting,RP Lee; K Markantonakis; RN Akram,2016,… on cyber-physical system security,https://dl.acm.org/doi/abs/10.1145/2899015.2899029,Google Scholar,Embedded systems are small scale computing devices that are increasingly located in more  of the items we use and own. The number of embedded systems in the world is increasing,False
Security and privacy analysis of wearable health device,C Zhang; H Shahriar; ABMK Riad,2020,2020 IEEE 44th Annual …,https://ieeexplore.ieee.org/abstract/document/9202600/,Google Scholar,concern about the security of wearable  data security breach because of poor security  firmware system in devices. In many cases researchers point out that firmware update vulnerability,False
Código network: A decentralized firmware update framework for IoT devices,SA Nanopoulos,2018,NA,,Google Scholar,,False
Insecure until proven updated: analyzing AMD SEV's remote attestation,R Buhren; C Werling; JP Seifert,2019,… and Communications Security,https://dl.acm.org/doi/abs/10.1145/3319535.3354216,Google Scholar,the results of our firmware analysis necessary to understand the attacks. The attacks are  moti This section presents the results of our firmware analysis on which our attacks in Section 5,False
Software development firmware system for broken rotor bar detection and diagnosis of induction motor through current signature analysis,H Pita; G Zurita; A Villarroel,2020,Journal of Mechanical …,https://journal.ump.edu.my/jmes/article/view/4741,Google Scholar,"The data analysis procedure for broken rotor bar detection  by developing a software firmware  measurement ultra-low  as a diagnosis parameter for detection of broken rotor bars faults,",False
Using blockchains to strengthen the security of internet of things,CS Kouzinopoulos; G Spathoulas,2018,Security in Computer …,https://library.oapen.org/bitstream/handle/20.500.12657/23295/1/1006860.pdf#page=101,Google Scholar,"for cost reasons, a successful attacker can intercept the updating firmware and replace   firmware attacks in IoT devices has been extensively studied. In [18] it is shown that the firmware",False
Information attacks and security in wireless sensor networks of industrial SCADA systems,AG Finogeev; AA Finogeev,2017,Journal of Industrial Information Integration,https://www.sciencedirect.com/science/article/pii/S2452414X16301029,Google Scholar,"The ZigBee module firmware default security mode is disabled. If security is enabled, every  node  module which is present in the firmware ZigBee coordinator and is activated when the",False
Cybersecurity issues in robotics,GW Clark; MV Doran; TR Andel,2017,2017 IEEE conference on …,https://ieeexplore.ieee.org/abstract/document/7929597/,Google Scholar,"types of cyber attacks that plague other embedded systems. In this paper, attacks on embedded   layer of the embedded system architecture: hardware, firmware/OS and application [4].",False
VSkLCG a method for cross-platform vulnerability search in firmware,M Han; D Zhao; H Lin; D Zhou; J Xiang,2020,… Systems and Their …,https://ieeexplore.ieee.org/abstract/document/9045857/,Google Scholar,"vulnerabilities in firmware. Given a vulnerable function in a platform, our objective is to find  its homologous vulnerability  method can search some vulnerabilities in firmware with a high",False
The applicability of blockchain in the Internet of Things,Y Gupta; R Shorey; D Kulkarni,2018,2018 10th International …,https://ieeexplore.ieee.org/abstract/document/8328273/,Google Scholar,"specific IoT deployments such as (i) firmware update delivery, (ii) firmware tampering  detection, and (iii) spurious component detection. The proposed model could be modified to work",False
SHeFU: Secure hardware-enabled protocol for firmware updates,MM Rabbani; J Vligen; M Conti,2020,2020 IEEE International …,https://ieeexplore.ieee.org/abstract/document/9180850/,Google Scholar,"with malicious firmware can  attacks (eg, Denial-of-Service (DOS) or black-hole attacks).  Based on the reports in [2], most of the software vulnerabilities can be neutralized by firmware",False
On misconception of hardware and cost in IoT security and privacy,B Pearson; L Luo; Y Zhang; R Dey,2019,ICC 2019-2019 IEEE …,https://ieeexplore.ieee.org/abstract/document/8761062/,Google Scholar,"of IoT security and privacy in various application domains. We discuss how to implement  hardware security, system/firmware security, network security, and data security with the low-",False
Security vulnerabilities of internet of things: A case study of the smart plug system,Z Ling; J Luo; Y Xu; C Gao; K Wu,2017,IEEE Internet of Things …,https://ieeexplore.ieee.org/abstract/document/7932855/,Google Scholar,"the firmware update process and perform the firmware attack to upload a malicious firmware   For countermeasures to the potential attacks exploiting the above vulnerabilities, we",False
Auto-erasable RRAM architecture secured against physical and firmware attacks,F García-Redondo,2017,IEEE Transactions on …,https://ieeexplore.ieee.org/abstract/document/8060614/,Google Scholar,"This paper presents an RRAM architecture secured against firmware and physical attacks.  If a hack attempt occurs, and taking advantage of the threshold behavior of fast RRAM devices",False
Communal acts of IoT consumers: A potential threat to security and privacy,WZ Khan; MY Aalsalem,2018,IEEE Transactions on …,https://ieeexplore.ieee.org/abstract/document/8527535/,Google Scholar,"When CEIoT products become outdated (firmware, security patches or security software  are not updated) they are susceptible to serious security and privacy threats and consumer’s",False
System-on-chip security,F Farahmandi; Y Huang; P Mishra,2020,"Cham, Switzerland: Springer",https://link.springer.com/content/pdf/10.1007/978-3-030-30596-3.pdf,Google Scholar,"seven classes of hardware security vulnerabilities (access  firmware attacks that threaten  the security and integrity of the design [5]. Therefore, detecting and locating these vulnerabilities",False
Emulation-based fuzzing techniques for identifying web interface vulnerabilities in embedded device firmware,JM Heo; JM Kim; CM Ji; MP Hong,2019,… Institute of Information Security …,https://koreascience.kr/article/JAKO201904533934648.page,Google Scholar,"by attackers through web application vulnerabilities in embedded firmware. Therefore, they   find vulnerabilities after emulating firmware. However, it only performs vulnerability checks",False
Programmable logic controllers based systems (PLC-BS): Vulnerabilities and threats,A Serhane; M Raad; R Raad; W Susilo,2019,SN Applied Sciences,https://link.springer.com/article/10.1007/s42452-019-0860-2,Google Scholar,"with their security concerns. It discusses, mainly, the threats and vulnerabilities of PLCs and   based devices have several vulnerabilities and are insecure by design—firmware, code, or",False
Firmware architecture of the data acquisition system for the LabPET II mouse scanner,L Njejimana; L Arpin; C Thibaudeau,2016,2016 IEEE Nuclear …,https://ieeexplore.ieee.org/abstract/document/8069410/,Google Scholar,Its firmware architecture consists of 2 types of custom FPGA- and deals with coincidence  detection together with random  This firmware allows a real-time PET data processing without,False
"DIOS difference from DDOS. What are dangerous DOS and DDOS attacks? Vulnerabilities in operating systems, software, device firmware",M Firefox,NA,NA,https://olacom.ru/en/program/otlichie-dos-ot-ddos-chem-opasny-dos-i-ddos-ataki-uyazvimosti-v-operacionnyh/,Google Scholar,"of server software are exposed to multiple vulnerabilities, including instability to DOS and  DDOS attacks. Explients use these vulnerabilities to organize DOS and DDOS attacks.",False
Toward Firmware-Type Analysis Using machine Learning Techniques,S Lee; ES Cho,2018,2018 IEEE 42nd Annual Computer Software …,https://ieeexplore.ieee.org/abstract/document/8377797/,Google Scholar,"types of binary firmware have been developed  attacks using the vulnerabilities existing in  firmware have increased. Therefore, malware attacks and vulnerable functions inside firmware",False
A graph neural network based efficient firmware information extraction method for IoT devices,W Zhang; H Li; H Wen; H Zhu,2018,2018 IEEE 37th …,https://ieeexplore.ieee.org/abstract/document/8711005/,Google Scholar,"knowledge graph for many security applications, such as homologous analysis and  vulnerability detection of firmware. The traditional firmware information identifying method only",False
Simaticscan: Towards a specialised vulnerability scanner for industrial control systems,R Antrobus; S Frey; B Green,2016,… & SCADA cyber security …,https://www.scienceopen.com/hosted-document?doi=10.14236/ewic/ICS2016.2,Google Scholar,Figure 3 shows the vulnerabilities reported by Nessus for the S7-1200. It can be seen that   the PLC Firmware Detection. This plugin of Nessus did not actually return the firmware version,False
{CompoundFS}: Compounding {I/O} Operations in Firmware File Systems,Y Ren; J Zhang; S Kannan,2020,12th USENIX Workshop on Hot Topics in …,https://www.usenix.org/conference/hotstorage20/presentation/ren,Google Scholar,"inside storage firmware as used by prior hardwarecentric approaches such as DevFS [21]  and Insider [31]. Apart from providing direct access, firmware filesystems can exploit hardware",False
Design of an automotive radar sensor firmware resilient to cyberattacks,O Toker; S Alsweiss; J Vargas; R Razdan,2020,2020 SoutheastCon,https://ieeexplore.ieee.org/abstract/document/9249731/,Google Scholar,at the firmware level of the system which provides faster detection of cyberattacks without   at higher system layers to provide additional security. Frequency modulated continuous wave (,False
A review of cyber security challenges attacks and solutions for Internet of Things based smart home,TA Abdullah; W Ali; S Malebary,2019,Int. J. Comput. Sci. Netw …,https://www.researchgate.net/profile/Adel-A-Abdullah/publication/336717887_A_Review_of_Cyber_Security_Challenges_Attacks_and_Solutions_for_Internet_of_Things_Based_Smart_Home/links/5daed99692851c577eb98ac7/A-Review-of-Cyber-Security-Challenges-Attacks-and-Solutions-for-Internet-of-Things-Based-Smart-Home.pdf,Google Scholar,"exploit the vulnerabilities of smart home environments. Moreover, important observations on  smart home threats, vulnerabilities, and security  make the firmware a big vulnerability of IoT",False
PLC access control: a security analysis,H Wardak; S Zhioua; A Almulhem,2016,… Control Systems Security  …,https://ieeexplore.ieee.org/abstract/document/7882935/,Google Scholar,"Using recent PLC devices (2016) with updated firmware, we show how passwords are stored  in  As a consequence of these vulnerabilities, we could carry out advanced attacks on ICS",False
Software defined membrane: Policy-driven edge and internet of things security,M Villari; M Fazio; S Dustdar; O Rana,2017,IEEE Cloud …,https://ieeexplore.ieee.org/abstract/document/8066009/,Google Scholar,"the difficulty of updating their firmware with security patches, which typically leads to inadequate  security. In the wider context, it is also necessary to consider attacks due to human error",False
Security protocols for IoT,J Cynthia; H Parveen Sultana; MN Saroja,2019,… and computing security …,https://link.springer.com/chapter/10.1007/978-3-030-01566-4_1,Google Scholar,"This chapter also elaborates on various security attacks and the solutions offered by IoT   firmware will provide complete security? If you say yes, then it is your false sense about security.",False
Critical infrastructure cyber-attack through firmware exploitation,G Cuozzo,2016,… Protection Against Hybrid Warfare Security Related …,https://ebooks.iospress.nl/volumearticle/45367,Google Scholar,While all of the vulnerabilities demonstrated in this paper have been confirmed against live   vulnerability discovery and exploit development process was performed entirely on firmware,False
A survey on dynamic mobile malware detection,P Yan; Z Yan,2018,Software Quality Journal,https://link.springer.com/article/10.1007/s11219-017-9368-4,Google Scholar,Manipulating hardware and inserting firmware. Hardware attacks try to tamper circuits slightly  so that they can insert malicious firmware to elude and escape from detection. For example,False
Virtual Firmware,J Yao; V Zimmer; J Yao; V Zimmer,2020,… Firmware: Armoring the Foundation of …,https://link.springer.com/chapter/10.1007/978-1-4842-6106-4_13,Google Scholar,"virtual firmware security design including hardware security  security features implemented  in the virtual firmware. In Part III, we will introduce the security implementation in the firmware.",False
Proactive Firmware Security Development,J Yao; V Zimmer; J Yao; V Zimmer,2020,… Firmware: Armoring the Foundation of …,https://link.springer.com/chapter/10.1007/978-1-4842-6106-4_2,Google Scholar,"However, the firmware code has some specialty. We performed an analysis from the  previous firmware vulnerability list and defined eight categories:  In Part II, we will",False
An IoT honeynet based on multiport honeypots for capturing IoT attacks,W Zhang; B Zhang; Y Zhou; H He,2019,IEEE Internet of Things …,https://ieeexplore.ieee.org/abstract/document/8915712/,Google Scholar,"device firmware that matches the vulnerability to build a high-interaction honeypot. In addition,  we investigate the most exposed SOAP service ports and design corresponding multi-port",False
Analysis of cyber-attacks in IoT-based critical infrastructures,R Das; MZ Gündüz,2019,International Journal of Information Security …,https://dergipark.org.tr/en/pub/ijiss/issue/67166/1048750,Google Scholar,"security vulnerabilities [10]. Also, for an IoTbased smart grid, regular updates of the firmware   Moreover, updating of firmware remotely and easily is an important security requirement to",False
RedLeaf: Towards an operating system for safe and verified firmware,V Narayanan; MS Baranowski; L Ryzhyk,2019,Proceedings of the …,https://dl.acm.org/doi/abs/10.1145/3317550.3321449,Google Scholar,the security and correctness of firmware requires a clean-slate approach. Modern attacks  utilize  A promising approach to win the arms race against such attacks is to utilize a rigorous,False
Vulnerability analysis of desktop 3D printer software,S Moore; P Armstrong; T McDonald,2016,2016 Resilience …,https://ieeexplore.ieee.org/abstract/document/7573305/,Google Scholar,"To validate our findings, we will exploit an identified attack vector and prove  firmware. To  expand this work we have outlined below future research focused on exploiting vulnerabilities",False
{BootStomp}: On the security of bootloaders in mobile devices,N Redini; A Machiry; D Das; Y Fratantonio,2017,26th USENIX Security …,https://www.usenix.org/conference/usenixsecurity17/technical-sessions/presentation/redini,Google Scholar,"firmware and Trusted OS, this vulnerability would not only allow one to break the chain of  trust, but it would also constitute a means to establish persistence within the device that is not",False
Efficient partial firmware update for IoT devices with lua scripting interface,M Novak; P Skryja,2019,2019 29th International Conference …,https://ieeexplore.ieee.org/abstract/document/8733437/,Google Scholar,"At the end, the security aspects of proposed firmware update  In [6] and more recently in  [7], the security of wireless firmware  during firmware update. In herein proposed system, the",False
Study on signature verification process for the firmware of an android platform,E Jeong; J Park; B Son; M Kim; K Yim,2019,Innovative Mobile and Internet …,https://link.springer.com/chapter/10.1007/978-3-319-93554-6_52,Google Scholar,"firmware integrity by a signature verification process. However, attackers potentially falsify  the firmware and raise critical security  to sign the firmware for release, due to lack of security",False
Ukraine cyber-induced power outage: Analysis and practical mitigation strategies,DE Whitehead; K Owens; D Gammel,2017,2017 70th Annual …,https://ieeexplore.ieee.org/abstract/document/8090056/,Google Scholar,Post-power outage analysis found that firmware was corrupted on serial-to-Ethernet  filters  to prevent phishing attacks are examples of vulnerabilities. Vulnerability assessments are part,False
{BlueShield}: Detecting spoofing attacks in bluetooth low energy networks,J Wu; Y Nan; V Kumar; M Payer; D Xu,2020,… on Research in Attacks …,https://www.usenix.org/conference/raid2020/presentation/wu,Google Scholar,(2) Firmware updates to mitigate the vulnerabilities of BLE devices cannot be uniformly   devices in the field that do not support firmware updates due to their limited I/O capabilities.,False
A comprehensive study of security of internet-of-things,A Mosenia; NK Jha,2016,IEEE Transactions on emerging topics in …,https://ieeexplore.ieee.org/abstract/document/7562568/,Google Scholar,"against these attacks. Finally, we introduce two emerging security challenges not yet   detection of both hardware Trojans and malicious firmware/software installed on a device.",False
Cyber security assessment of distributed energy resources,C Carter; I Onunkwo; P Cordeiro,2017,2017 IEEE 44th …,https://ieeexplore.ieee.org/abstract/document/8366503/,Google Scholar,Modified Firmware Upload Modified firmware attacks surreptitiously change the overall  functionality of the DER. This test validates the integrity and authentication of the firmware update,False
A survey on IIoT security,X Yu; H Guo,2019,2019 IEEE VTS Asia Pacific Wireless …,https://ieeexplore.ieee.org/abstract/document/8851679/,Google Scholar,"[10] proposed a blockchain-based firmware management solution, which supported  compromised firmware detection and self-healing. In [3], [4], the authors proposed a tiered",False
Firmware updating systems for nanosatellites,I Sünter; A Slavinskis; U Kvell; A Vahter,2016,IEEE Aerospace and …,https://ieeexplore.ieee.org/abstract/document/7498202/,Google Scholar,"Although variant A lacNs in error detection during firmware upload, it provides better error  detection  While variants A, C, and D require additional nonvolatile memory for storing firmware",False
"A brief survey on autonomous vehicle possible attacks, exploits and vulnerabilities",AD Kumar; KNR Chebrolu; S KP,2018,arXiv preprint arXiv:1810.04144,https://arxiv.org/abs/1810.04144,Google Scholar,recent attacks by re flashing the ECU with custom firmware  Attacker updates the firmware  of ECU using the external  By altering the ECU memory and tampering the security keys,False
Security risk assessment framework for smart car using the attack tree analysis,HK Kong; MK Hong; TS Kim,2018,Journal of Ambient Intelligence and …,https://link.springer.com/article/10.1007/s12652-016-0442-8,Google Scholar,"velocity increase using the firmware update vulnerability. When using the firmware update,  the  vehicle velocity increase message in the firmware. After that, when the driver updates the",False
A SECURED FIRMWARE UPDATE PROCEDURE TO PREVENT CROSS CHANNEL SCRIPTING ATTACK IN EMBEDDED DEVICES,M Kameswarao; PB SREE,NA,NA,https://www.academia.edu/download/31298385/21._Electronics_-_IJECE_-_A_secured_-_KAMESWARAO_(1).pdf,Google Scholar,"This paper presents an overview of firmware modification attacks, a general strategy that is   and suggests a security framework that prevents unauthorized firmware modification attacks.",False
An investigation of vulnerabilities in smart connected cameras,J Bugeja; D Jönsson,2018,2018 IEEE international …,https://ieeexplore.ieee.org/abstract/document/8480184/,Google Scholar,"Finally, after the data had been extracted, it was analyzed for security vulnerabilities. Here,  pertinent data elements (eg the vendor name and firmware version) returned from the pre",False
SRFuzzer: An automatic fuzzing framework for physical SOHO router devices to discover multi-type vulnerabilities,Y Zhang; W Huo; K Jian; J Shi; H Lu; L Liu,2019,… computer security …,https://dl.acm.org/doi/abs/10.1145/3359789.3359826,Google Scholar,"framework for FWSR and to find as many vulnerabilities as possible. It is straightforward  to think building the framework based on firmware emulation. However, such a solution is",False
Research of the systems for Firmware Over The Air (FOTA) and Wireless Diagnostic in the new vehicles,DG Vrachkov; DG Todorov,2020,2020 XXIX International Scientific …,https://ieeexplore.ieee.org/abstract/document/9238345/,Google Scholar,Last but not least is the issue of security of communication channels and the whole process   security questions. What are the main mechanisms that can be used to increase the security,False
A comprehensive IoT attacks survey based on a building-blocked reference model,HA Abdul-Ghani; D Konstantas,2018,International Journal of …,https://www.academia.edu/download/95090839/Paper_49-A_Comprehensive_IoT_Attacks_Survey.pdf,Google Scholar,"In this type of attack, an adversary could be inside the victims device by exploiting some  vulnerabilities in old devices firmware; hence, he could spy on phone calls, send and receive",False
Towards Protected Firmware Verification in Low-power Devices,YH Moon; JN Kim,2017,NA,https://www.researchgate.net/profile/Yong-Hyuk-Moon/publication/320628840_Towards_Protected_Firmware_Verification_in_Low-power_Devices/links/5afcd3c3a6fdcc3a5a273c16/Towards-Protected-Firmware-Verification-in-Low-power-Devices.pdf,Google Scholar,We discuss a new design approach for firmware verification and bootloader protection in   approach to security designers and system programmers for ensuring firmware protection,False
Bypassing IOMMU protection against I/O attacks,B Morgan; E Alata; V Nicomette,2016,2016 Seventh Latin …,https://ieeexplore.ieee.org/abstract/document/7781849/,Google Scholar,"attacks while the firmware is being executed, in the first moment of the boot process. This  weakness is due to the fact that the firmware  of either Linux or the firmware itself and so prevent",False
Determining image base of firmware for ARM devices by matching literal pools,R Zhu; Y Tan; Q Zhang; Y Li; J Zheng,2016,Digital Investigation,https://www.sciencedirect.com/science/article/pii/S1742287616000037,Google Scholar,"firmware  firmware files and the encoding feature of literal pools that contain string addresses,  we propose an algorithm called FIND-LP to recognize all possible literal pools in firmware.",False
Leveraging side-channel information for disassembly and security,J Park; F Rahman; A Vassilev; D Forte,2019,ACM Journal on …,https://dl.acm.org/doi/abs/10.1145/3359621,Google Scholar,firmware/software verification and authentication. One way to maintain the integrity of the  underlying firmware is to verify whether the firmware is  malware detection and firmware reverse,False
"Secure Internet of Things (IoT)-based smart-world critical infrastructures: Survey, case study and research opportunities",X Liu; C Qian; WG Hatcher; H Xu; W Liao; W Yu,2019,Ieee Access,https://ieeexplore.ieee.org/abstract/document/8730298/,Google Scholar,"2) Device Firmware: This vulnerability is based on the directly on the firmware itself. It  includes only a single vulnerability, called firmware and storage extraction. Through it, an",False
Security enhancements to system on chip devices for IoT perception layer,S Kumar; S Sahoo; A Mahapatra,2017,2017 IEEE …,https://ieeexplore.ieee.org/abstract/document/8293922/,Google Scholar,"In this paper, we briefly discuss the challenges in IoT design, IoT security, vulnerabilities of   security features through software/firmware updates to defend against new threats and attacks",False
Remote security management server for IoT devices,S Yoon; J Kim,2017,2017 International Conference on Information …,https://ieeexplore.ieee.org/abstract/document/8190885/,Google Scholar,"• When a security vulnerability is discovered or new function is added, the software or firmware   In order to prevent forgery of firmware, the support of security functions such as firmware",False
Construction of Database for IoT Firmware Exploit,KS Lee; HM Cho,2020,Proceedings of the Korean Society of Computer …,https://koreascience.kr/article/CFKO202022449679946.page,Google Scholar,"본 논문에서는 IoT 취약점 탐지 시스템과 취약점 데이터베이스 구축 방안을 제안한다. 동적 웹 페이지 제어기술 기반의 크롤링 기법으로 펌웨어를 수집한 후, 패킹된 펌웨어 파일을 Binwalk,",False
Stringer: Measuring the importance of static data comparisons to detect backdoors and undocumented functionality,SL Thomas; T Chothia; FD Garcia,2017,… on Research in Computer Security …,https://link.springer.com/chapter/10.1007/978-3-319-66399-9_28,Google Scholar,"firmware, which in the former case identified a number of known vulnerabilities within firmware;  whilst the latter applies particular focus to web-frontend based vulnerabilities, the former",False
An end-to-end view of IoT security and privacy,Z Ling; K Liu; Y Xu; Y Jin; X Fu,2017,GLOBECOM 2017-2017 IEEE …,https://ieeexplore.ieee.org/abstract/document/8254011/,Google Scholar,"related to security and privacy. Based on this view, we systematically analyze the security  and privacy requirements in terms of five dimensions: hardware, operating system/firmware,",False
Blockchain-based firmware update framework for internet-of-things environment,A Yohan; NW Lo,2018,Proceedings of the …,https://search.proquest.com/openview/f4884bc5ba0f54747c94ad4d13a51334/1?pq-origsite=gscholar&cbl=1976346,Google Scholar,"As the popularity of IoT devices grow, various cyberattacks  on the device firmware as in [4],  [8], in which malicious firmware is  Malicious attacker is able to exploit the vulnerabilities and",False
Exploiting side-channel emissions to detect changes in FPGA firmware,RM Fuller; RA Riley; JT Graham,2018,Cyber Sensing 2018,https://www.spiedigitallibrary.org/conference-proceedings-of-spie/10630/106300A/Exploiting-side-channel-emissions-to-detect-changes-in-FPGA-firmware/10.1117/12.2304450.short,Google Scholar,vulnerabilities that could allow an adversary to penetrate and manipulate FPGA-based electronic  infrastructure. To detect such attacks against FPGA firmware if firmware changes can be,False
Forensic limbo: Towards subverting hard disk firmware bootkits,M Gruhn,2017,Digital Investigation,https://www.sciencedirect.com/science/article/pii/S1742287617303316,Google Scholar,"We discuss the problem posed by malicious hard disk firmware towards forensic data acquisition.  To this end, we analyzed the Western Digital WD3200AAKX model series (16 different",False
Stealthy attack against redundant controller architecture of industrial cyber-physical system,R Ma; P Cheng; Z Zhang; W Liu,2019,IEEE Internet of Things …,https://ieeexplore.ieee.org/abstract/document/8777097/,Google Scholar,"In Section IV, we describe how we reverse engineering the firmware of the three selected   We also need vulnerabilities to reboot the firmware and activate the switch mechanism",False
Methodology for forensics data reconstruction on mobile devices with android operating system applying in-system programming and combination firmware,CM da Silveira; R T. de Sousa Jr,2020,Applied Sciences,https://www.mdpi.com/2076-3417/10/12/4231,Google Scholar,"The authors identified the possibility to rewrite the device’s firmware, bypass Android’s  security mechanisms, obtain sensitive device information, perform screen unlocks, and inject",False
Survey and classification of automotive security attacks,F Sommer; J Dürrwang; R Kriesten,2019,Information,https://www.mdpi.com/2078-2489/10/4/148,Google Scholar,"security attacks. Furthermore, we present known vulnerability databases and security   Mechanisms such as security access [64] and flashing of new firmware concern this area.",False
Development of a firmware authenticating and updating scheme for smart home IoT devices using distributed ledger technologies,A Wijesundara; L Joong-Sun; T Dara,2019,Computer Security …,https://www.researchgate.net/profile/Anushka-Wijesundara/publication/378877687_Development_of_a_firmware_authenticating_and_updating_scheme_for_smart_home_IoT_devices_using_distributed_ledger_technologies/links/65f0467b286738732d3aa379/Development-of-a-firmware-authenticating-and-updating-scheme-for-smart-home-IoT-devices-using-distributed-ledger-technologies.pdf,Google Scholar,"prevent vulnerable exposure that leads to cyber-attacks [7]. To satisfy users firmware, which  increase device firmware vulnerability [4]. Majority of IoT vendors maintain their own firmware",False
Efficient coverage guided IoT firmware fuzzing technique using combined emulation,HW Kim; JH Kim; J Yun,2020,… the Korea Institute of Information Security …,https://koreascience.kr/article/JAKO202031659967724.pdf,Google Scholar,"speed of the firmware, and as a result, they did not find any vulnerability in various paths. In   find vulnerabilities in various paths not found in existing tools. Keywords: Fuzzing, Firmware",False
The internet of things: security challenges,PC Van Oorschot; SW Smith,2019,IEEE Security & Privacy,https://ieeexplore.ieee.org/abstract/document/8821455/,Google Scholar,"Can we address security risks if ubiquitous IoT devices are  security-analysis methods apply  to the particular problems of IoT firmware, which may contain malware or vulnerabilities not",False
What You Corrupt Is Not What You Crash: Challenges in Fuzzing Embedded Devices.,M Muench; J Stijohann; F Kargl; A Francillon,2018,NDSS,https://www.academia.edu/download/75876877/ndss.2018.pdf,Google Scholar,"the live analysis scenario presents more engineering challenges, we focus our experiments  on performing live detection while fuzzing a firmware that is either partially or fully emulated.",False
Classifying solid state drive firmware via side-channel current draw analysis,Z Johnson; A Varon; J Blanco; R Rakvic,2018,2018 IEEE 16th Intl …,https://ieeexplore.ieee.org/abstract/document/8512001/,Google Scholar,"this research extend into a security context. If firmware variants can be classified by their  current signatures, this provides a potential means to identify malicious firmware loaded onto an",False
An attribute & network coding-based secure multicast protocol for firmware updates in smart grid AMI networks,S Tonyali; K Akkaya; N Saputro,2017,2017 26th International …,https://ieeexplore.ieee.org/abstract/document/8038415/,Google Scholar,attacks to the security of the firmware update process in the AMI and established the associated  security  channel in order to obtain the firmware update file. The eavesdropper can detect,False
Exploring emerging cybersecurity risks from network-connected DER devices,DJ Sebastian; A Hahn,2017,2017 North American Power …,https://ieeexplore.ieee.org/abstract/document/8107267/,Google Scholar,readings or to bypass a security function. Firmware attacks on the other hand use the  software layer to access the device functionality. Firmware attacks are considered difficult to,False
Security evaluation of the implantable cardiac device ecosystem architecture and implementation interdependencies,B Rios; J Butts,2017,"WhiteScope, sl",https://a51.nl/sites/default/files/pdf/Pacemaker%20Ecosystem%20Evaluation.pdf,Google Scholar,"to obtain the firmware, reverse engineer the firmware, identify functionality within  firmware  and distribute the firmware to home monitoring devices. As such, vendor evaluation of security",False
Intrusion detection for cybersecurity of smart meters,CC Sun; DJS Cardenas; A Hahn,2020,IEEE Transactions on …,https://ieeexplore.ieee.org/abstract/document/9144275/,Google Scholar,launch cyber attacks. This section will discuss the cyber security vulnerabilities of a smart  meter.  Firmware-based attacks can hinder the device’s ability to operate as intended; multiple,False
A testbed for security and privacy analysis of IoT devices,A Tekeoglu; AŞ Tosun,2016,… Conference on Mobile Ad Hoc and …,https://ieeexplore.ieee.org/abstract/document/7815045/,Google Scholar,"this exploit, Trendnet Wi-Fi IP Camera (TV-IP110W) firmware binary was downloaded and   inside the firmware file. This revealed two gzip compressed files packed into the firmware.",False
Firmware updates over the air mechanisms for low power wide area networks: A review,M Pule; AM Abu-Mahfouz,2019,2019 International Multidisciplinary …,https://ieeexplore.ieee.org/abstract/document/9015851/,Google Scholar,"Firmware updates are essential throughout the lifetime of a  fixes, introduction of new security  features and implementation of  a vulnerability for attackers to introduce rogue firmware that",False
Practical evaluation of code injection in encrypted firmware updates,OM Guillen; D Schmidt; G Sigl,2016,… & Test in Europe Conference & …,https://ieeexplore.ieee.org/abstract/document/7459331/,Google Scholar,In this work we show how easy it is to apply well known malleability attacks to successfully  inject arbitrary code into an encrypted firmware image. We demonstrate this vulnerability by,True
Bias: Bluetooth impersonation attacks,D Antonioli; NO Tippenhauer,2020,… symposium on security …,https://ieeexplore.ieee.org/abstract/document/9152758/,Google Scholar,We show how to exploit the identified vulnerabilities to mount master and slave  The  implementation of our BIAS attacks requires to modify the board’s Bluetooth firmware as the firmware,False
Incentivized and secure blockchain-based firmware update and dissemination for autonomous vehicles,M Baza; J Baxter; N Lasla; M Mahmoud,2020,… vehicles in smart …,https://www.taylorfrancis.com/chapters/edit/10.1201/9780429329401-18/incentivized-secure-blockchain-based-firmware-update-dissemination-autonomous-vehicles-mohamed-baza-joe-baxter-noureddine-lasla-mohamed-mahmoud-mohamed-abdallah-mohamed-younis,Google Scholar,exploit the AVs’ inter-communication capability and incentivize AVs to participate in the  distribution of new firmware  authenticity and integrity of its firmware updates without the need for,False
Missing pins detection for power equipment firmware using unmanned aerial vehicle images,B Huai; R Wang; Y Liu; L Song,2019,… Symposium on Advanced …,https://www.spiedigitallibrary.org/conference-proceedings-of-spie/10843/108430S/Missing-pins-detection-for-power-equipment-firmware-using-unmanned-aerial/10.1117/12.2506338.short,Google Scholar,detection method based on convolutional neural network are proposed to solve the problem  of missing pins detection of power equipment firmware  electronic equipment firmware and,False
Inception:{System-Wide} security testing of {Real-World} embedded systems software,N Corteggiani; G Camurati; A Francillon,2018,27th USENIX security …,https://www.usenix.org/conference/usenixsecurity18/presentation/corteggiani,Google Scholar,", and their security is a serious concern. Current techniques for security testing of embedded   framework to perform security testing of complete real-world embedded firmware. Inception",False
An attribute-based reliable multicast-over-broadcast protocol for firmware updates in smart meter networks,S Tonyali; K Akkaya; N Saputro,2017,2017 IEEE Conference on …,https://ieeexplore.ieee.org/abstract/document/8116359/,Google Scholar,functional and security requirements of the firmware update process  attacks to the privacy  and security of the firmware update process in the AMI and established the associated security,False
Efficient and secure firmware update/rollback method for vehicular devices,Y Komano; Z Xia; T Kawabata; H Shimizu,2018,Information Security Practice …,https://link.springer.com/chapter/10.1007/978-3-319-99807-7_28,Google Scholar,"As we reviewed, the firmware update plays an important role to ensure the security of the  vehicle system. However, once the firmware is updated with a malicious code, it leads a",False
"Discovering and understanding the security hazards in the interactions between {IoT} devices, mobile apps, and clouds on smart home platforms",W Zhou; Y Jia; Y Yao; L Zhu; L Guan; Y Mao,2019,28th USENIX security …,https://www.usenix.org/conference/usenixsecurity19/presentation/zhou,Google Scholar,"However, we cannot easily replace the cloud certificate embedded in the firmware on a   on the device firmware. In particular, we have physically dumped the firmware images of the",False
System-on-chip platform security assurance: Architecture and validation,S Ray; E Peeters; MM Tehranipoor,2017,Proceedings of the …,https://ieeexplore.ieee.org/abstract/document/7987680/,Google Scholar,-based firmwareupgradable module called security policy controller (SPC) that realizes  system-level security policies of various forms and types using firmware code following existing,False
RevARM: A platform-agnostic ARM binary rewriter for security applications,T Kim; CH Kim; H Choi; Y Kwon,2017,… Computer Security …,https://dl.acm.org/doi/abs/10.1145/3134600.3134627,Google Scholar,"In order to measure the instrumented ArduPilot firmware overhead, we ported the CoreMark  [26] benchmark to the firmware as an application run on NuttX. Then, we performed four",False
Scalable parallel flash firmware for many-core architectures,J Zhang; M Kwon; M Swift; M Jung,2020,18th USENIX Conference on File …,https://www.usenix.org/conference/fast20/presentation/zhang-jie,Google Scholar,"to fully exploit all levels of parallelism offered by modern SSDs, current firmware designs are  not  To this end, we design a new flash firmware model, which can extract the maximum per",False
Safety!= security: On the resilience of asil-d certified microcontrollers against fault injection attacks,N Wiersma; R Pareja,2017,2017 Workshop on Fault Diagnosis and …,https://ieeexplore.ieee.org/abstract/document/8167705/,Google Scholar,"In the characterization experiments, the trigger signal was generated by our firmware. In this  experiment, because the ROM is immutable, the boot process firmware cannot be modified",False
Interdiction in practice—Hardware Trojan against a high-security USB flash drive,P Swierczynski; M Fyrbiak; P Koppe; A Moradi,2017,Journal of Cryptographic …,https://link.springer.com/article/10.1007/s13389-016-0132-7,Google Scholar,the security risks and especially the practical relevance of bitstream modification attacks  that  Intelligence agencies can subsequently exploit the firmware or hardware manipulation.,False
Development of ROACH firmware for microwave multiplexed x-ray TES microcalorimeters,TJ Madden; TW Cecil; LM Gades,2017,IEEE Transactions …,https://ieeexplore.ieee.org/abstract/document/7822950/,Google Scholar,Optimization of the firmware to improve the speed of the 10 GB link is planned. Future work  includes implementing firmware pulse detection as well as validating the noise performance,False
A multi-level DDoS mitigation framework for the industrial Internet of Things,Q Yan; W Huang; X Luo; Q Gong,2018,IEEE Communications …,https://ieeexplore.ieee.org/abstract/document/8291111/,Google Scholar,"Firmware security checks and updates automatically: The SDNIGW can check whether  the  , authorized firmware running on the device and can update device firmware automatically.",False
A tour beyond BIOS: Using IOMMU for DMA protection in UEFI firmware,J Yao; VJ Zimmer; S Zeng,2017,Intel Corporation,https://www.intel.com/content/dam/develop/external/us/en/documents/intel-whitepaper-using-iommu-for-dma-protection-in-uefi-820238.pdf,Google Scholar,the audience has firmware development experience with the Unified Extensible Firmware  Interface ( how to enable the IOMMU in a UEFI BIOS to mitigate DMA attacks against firmware.,False
Centralized reliability and security management of data in internet of things (IoT) with rule builder,S Balachandar; R Chinnaiyan,2019,International Conference on Computer …,https://link.springer.com/chapter/10.1007/978-981-10-8681-6_19,Google Scholar,"This paper is a centralized data security management across different layers of Internet of   compliance, security standards or firmware or hardware security and vulnerabilities at IoT",False
Potential Risks for Smart Cards Firmware,M Kákona,NA,NA,https://www.academia.edu/download/4872627/10.1.1.113.722.pdf#page=42,Google Scholar,"This article intends to discuss PA-related risks, especially for the firmware of chip cards.  We will therefore demonstrate a way how the algorithm used by the card's firmware may be",False
A Novel Holistic Security Framework for In-field Firmware Updates,S Sahoo; K Kiran; AK Swain; KK Mahapatra,2018,NA,http://dspace.nitrkl.ac.in/dspace/handle/2080/3140,Google Scholar,"propose a security framework the microcontroller/SoC devices can incorporate for secure  in-field OTA firmware update process. The proposed holistic solution support JTAG security,",False
A survey on internet of things security from data perspectives,J Hou; L Qu; W Shi,2019,Computer Networks,https://www.sciencedirect.com/science/article/pii/S1389128618306844,Google Scholar,"Therefore, update mechanisms should send the latest firmware to devices timely and  risks  to IoT devices. Adversaries may launch rollback attacks on firmware and exploit vulnerabilities",False
A simple security architecture for smart water management system,N Ntuli; A Abu-Mahfouz,2016,Procedia Computer Science,https://www.sciencedirect.com/science/article/pii/S1877050916302721,Google Scholar,"Secure Firmware Updates The other important security issue is to securely firmware update  on already deployed devices. To secure firmware updates, we use public key cryptography",False
Open-source Firmware: Step into the world behind the kernel.,J Frazelle,2019,Queue,https://dl.acm.org/doi/abs/10.1145/3344777.3349301,Google Scholar,"If you are an enterprise with your own cloud, your threat model would prevent you from  using any firmware that might contain vulnerabilities or backdoors that would threaten your",False
A novel graph-based mechanism for identifying traffic vulnerabilities in smart home IoT,Y Jia; Y Xiao; J Yu; X Cheng; Z Liang,2018,IEEE INFOCOM 2018 …,https://ieeexplore.ieee.org/abstract/document/8486369/,Google Scholar,This study is novel as our approach takes only the collected traffic files as inputs without  requiring the knowledge of the device firmware while being able to identify new vulnerabilities.,False
Demystifying IoT security: An exhaustive survey on IoT vulnerabilities and a first empirical look on Internet-scale IoT exploitations,N Neshenko; E Bou-Harb; J Crichigno,2019,… Surveys & Tutorials,https://ieeexplore.ieee.org/abstract/document/8688434/,Google Scholar,[84] demonstrated how learning of high-level features of a control flow graph could improve  the performance of firmware vulnerability search methods. The proposed approach employs,False
SVM-based instruction set identification for grid device firmware,Y Ma; L Han; H Ying; S Yang,2019,2019 IEEE 8th Joint …,https://ieeexplore.ieee.org/abstract/document/8785564/,Google Scholar,"severe challenges to the information security of smart grids. The security vulnerabilities in  the firmware code of the smart device have the characteristics of high detection difficulty, high",False
Introduction to Firmware,J Yao; V Zimmer; J Yao; V Zimmer,2020,… Firmware: Armoring the Foundation of …,https://link.springer.com/chapter/10.1007/978-1-4842-6106-4_1,Google Scholar,", firmware may have a class of security issues about which we are to be concerned that are  not seen in HLOSs. These security  will discuss the proactive firmware security development.",False
Cyber security threats to IoT applications and service domains,S Tweneboah-Koduah; KE Skouby,2017,Wireless Personal …,https://link.springer.com/article/10.1007/s11277-017-4434-6,Google Scholar,"vulnerabilities presents a source of concern not only to the vendors, but also to the consumer.  These security  From the perspectives of firmware, hardware and software infrastructure",False
EMBEDDED FIRMWARE STRATEGIES FOR ENHANCED WIRELESS COMMUNICATION CHIPSETS,S Gangarapu; SSR Chilukoori; CK Kadiyala,NA,NA,https://www.researchgate.net/profile/Sadha-Shiva-Reddy-Chilukoori/publication/381452316_Embedded_Firmware_Strategies_for_Enhanced_Wireless_Communication_Chipsets/links/666db55fde777205a32fdc3f/Embedded-Firmware-Strategies-for-Enhanced-Wireless-Communication-Chipsets.pdf,Google Scholar,Association (ESSA) found that 75% of the respondents considered firmware security a top   boot implementation in firmware effectively prevented firmware tampering attacks and ensured,False
Firmware Resiliency: Protection,J Yao; V Zimmer; J Yao; V Zimmer,2020,… Firmware: Armoring the Foundation of …,https://link.springer.com/chapter/10.1007/978-1-4842-6106-4_3,Google Scholar,"The rollback attack entails an update to an earlier firmware image which contains a known  security issue. To mitigate a rollback attack, the system needs to maintain a firmware security",False
"KM3NeT front-end and readout electronics system: hardware, firmware, and software",S Aiello; F Ameli; M Andre,2019,Journal of …,https://www.spiedigitallibrary.org/journals/Journal-of-Astronomical-Telescopes-Instruments-and-Systems/volume-5/issue-4/046001/KM3NeT-front-end-and-readout-electronics-system--hardware-firmware/10.1117/1.JATIS.5.4.046001.short,Google Scholar,The KM3NeT research infrastructure being built at the bottom of the Mediterranean Sea will  host water-Cherenkov telescopes for the detection of cosmic neutrinos. The neutrino,False
Evaluation of tree based machine learning classifiers for android malware detection,MS Rana; SSMM Rahman; AH Sung,2018,"… 2018, Bristol, UK, September 5-7 …",https://link.springer.com/chapter/10.1007/978-3-319-98446-9_35,Google Scholar,for Android in recent years; and Android has developed and implemented numerous security  controls  Firmware-based attacks: Attackers modify or change the devices’ firmware through,False
Docker container security via heuristics-based multilateral security-conceptual and pragmatic study,AR Manu; JK Patel; S Akhtar,2016,"… on Circuit, Power …",https://ieeexplore.ieee.org/abstract/document/7530217/,Google Scholar,"for container security and controls for docker resource isolation which include firmware,   systems using compartmental security and Chinese model based security implementation.",False
Data Security and Privacy in the IoT.,E Bertino,2016,EDBT,https://www.cs.purdue.edu/homes/bertino/paper-a.pdf0.pdf,Google Scholar,"firmware updates, may become difficult if at all possible in an IoT environment and may  actually open the door to additional attacks [5], [4]. Communication protection and defense tech-",False
Analyzing Thousands of Firmware Images and a Few Physical Devices: What's Next?,A Francillon,2016,Proceedings of the 6th International Workshop on …,https://dl.acm.org/doi/abs/10.1145/2995289.2995296,Google Scholar,of security problems that have been found with a large scale automated static analysis (within  the firmware.re  about it) and resistant to attacks (so that devices will resist to basic attacks).,False
Challenges in designing exploit mitigations for deeply embedded systems,A Abbasi; J Wetzels; T Holz,2019,… Symposium on Security …,https://ieeexplore.ieee.org/abstract/document/8806725/,Google Scholar,"We assume that the attacker attempts to exploit a vulnerability over a networking protocol (  specific firmware image of the target device, but she may have access to the firmware image of",False
Design and Implementation of Attack Detection System Based on UEFI Firmware,Y Zhou; Y Liu; G Wang; L Sun,2017,Extraction and Analysis of Location …,https://pdf.hanspub.org/csa20170400000_50742419.pdf,Google Scholar,"With the continuous development of network attack technology, attack against the firmware  has  and security threat of UEFI BIOS in detail, explaining the importance of firmware security.",False
Potential Privacy Ramifications of Modern Vehicle Software and Firmware,P Simon; S Graham,2017,… Conference on Cyber Warfare and Security …,https://books.google.com/books?hl=en&lr=&id=uFA8DwAAQBAJ&oi=fnd&pg=PA452&dq=firmware+AND+vulnerabilities+OR+detection+OR+attacks+OR+exploit+OR+vulnerability+OR+security+OR+risks+after:2016+before:2020&ots=YUrZoE_u4z&sig=DTtOSyOOhe3h13W2tUZcdvMLO14,Google Scholar,"the software and firmware, and what rights do the vehicle owners actually have over the  software and firmware in their vehicle. Worse yet, since the software and firmware can control a",False
Towards Automated Firmware Analysis in the IoT Era,DJT Grant Hernandez; F Fowze; T Yavuz; K Butler,2019,NA,https://ieeexplore.ieee.org/ielaam/8013/8821441/8787829-aam.pdf,Google Scholar,"This firmware can contain malicious code or vulnerabilities,  in analyzing IoT device firmware  for security, offering some of  the state of IoT device firmware analysis and ultimately, safer",False
Security of controlled manufacturing systems in the connected factory: the case of industrial robots,M Pogliani; D Quarta; M Polino; M Vittone,2019,Journal of Computer …,https://link.springer.com/article/10.1007/s11416-019-00329-8,Google Scholar,"we performed a security analysis of an industrial robot, mainly looking at the exploitation of  the network attack surface through vulnerabilities in the robot controller’s firmware. Here, we",False
Security Application using multiprocessors firmware architecture,AL SRIRAM; SS SUBRAMANIAN,NA,NA,https://www.ijaist.com/wp-content/uploads/2018/08/SecurityApplicationusingmultiprocessorsfirmwarearchitecture.pdf,Google Scholar,Modern day defence electronic systems running complex software applications require very  huge processing power. These algorithms consume large quantity of data acquired from,False
Edge computing security: State of the art and challenges,Y Xiao; Y Jia; C Liu; X Cheng; J Yu,2019,Proceedings of the …,https://ieeexplore.ieee.org/abstract/document/8741060/,Google Scholar,"threat comes from firmware modification attacks. Currently,  mechanisms to mitigate firmware  modification attacks. Inspired by  against malicious firmware modification attacks remains",False
A blockchain-based authentication and security mechanism for IoT,D Li; W Peng; W Deng; F Gai,2018,2018 27th International …,https://ieeexplore.ieee.org/abstract/document/8487449/,Google Scholar,"Even worse, the critical data of authenticated devices can be tampered by inner attacks   We also design a data protection mechanism by hashing significant data (ie firmware) into",False
Twenty-year-old Vulnerabilities are Back: Firmware Security in the Era of Smart Devices,A Continella,NA,NA,https://research.utwente.nl/files/463401962/DIMVA-24-keynote-firmware-security.pdf,Google Scholar,"- Firmware requires re-thinking automated security analysis methodologies - Significant  advances in firmware analysis. Yet, we often lack generalizability - Vulnerability discovery",False
Approach to assessment of firmware security under fuzzy input data,AN Iuganson; DA Zakoldaev,2020,Vestnik of Astrakhan State Technical …,https://www.mathnet.ru/eng/vagtu615,Google Scholar,The functional requirements for security of the firmware are given. A new approach is  proposed for assessing the firmware security. The subject of research is a firmware,False
Iot sentinel: Automated device-type identification for security enforcement in iot,M Miettinen; S Marchal; I Hafeez,2017,2017 IEEE 37th …,https://ieeexplore.ieee.org/abstract/document/7980167/,Google Scholar,suffer from flawed security designs and implementations. They also tend to lack mechanisms  for firmware updates or patches that can help eliminate security vulnerabilities. Securing,False
A smart contract grammar to protect IoT firmware updates using hyperledger fabric,X He; R Gamble; M Papa,2019,2019 IEEE 10th Annual Information …,https://ieeexplore.ieee.org/abstract/document/8936223/,Google Scholar,"Firmware is non-volatile piece of software that resides on the hardware to provide  Firmware  updates are frequently pushed by device manufacturers to address security vulnerabilities,",False
Side-channel based intrusion detection for industrial control systems,P Van Aubel; K Papagiannopoulos,2017,… Infrastructures Security,https://link.springer.com/chapter/10.1007/978-3-319-99843-5_19,Google Scholar,"software in existing firmware images. The exact functionality of the original firmware does not   However, it does require changing the original manufacturer-provided firmware image, and",False
Exploring the security vulnerabilities of LoRa,E Aras; GS Ramachandran,2017,2017 3rd IEEE …,https://ieeexplore.ieee.org/abstract/document/7985777/,Google Scholar,"vulnerabilities against security attacks. In this paper, we investigate potential security  vulnerabilities in  Additionally, since the security keys are implemented in the firmware of",False
Watching and safeguarding your 3D printer: Online process monitoring against cyber-physical attacks,Y Gao; B Li; W Wang; W Xu; C Zhou; Z Jin,2018,Proceedings of the ACM on …,https://dl.acm.org/doi/abs/10.1145/3264918,Google Scholar,"This section mainly discusses the performance of detecting the firmware attacks on four  To  simulate the infill path attacks, we attack the motion control part of firmware in the 3D printer to",False
"Hey, My Malware Knows Physics! Attacking PLCs with Physical Model Aware Rootkit.",L Garcia; F Brasser; MH Cintuglu; AR Sadeghi,2017,NDSS,https://www.researchgate.net/profile/Mehmet-Cintuglu/publication/316913173_Hey_My_Malware_Knows_Physics_Attacking_PLCs_with_Physical_Model_Aware_Rootkit/links/5931999faca272fc55ff2bd7/Hey-My-Malware-Knows-Physics-Attacking-PLCs-with-Physical-Model-Aware-Rootkit.pdf,Google Scholar,9We will elaborate on our findings on firmware update security in Section V. 10Joint Test  Action Group (JTAG) is an IEEE standard for testing and debugging integrated circuits.,False
Security attacks in internet of things: A review,V Mohindru; A Garg,2020,The International Conference on Recent Innovations …,https://link.springer.com/chapter/10.1007/978-981-15-8297-4_54,Google Scholar,Insecure software/firmware—It consists of vulnerabilities caused by insecure software or  firmware. The proper testing of code  Updating software/firmware should be done securely.,False
"A compact detection module based on SiPMs, readout ASIC and DAQ: hardware and firmware development",M Colugnat,2018,NA,https://www.politesi.polimi.it/handle/10589/144683,Google Scholar,"), consists in the design of a detection module for gamma ray  The fourth chapter focuses on  the VHDL firmware structure  Il quarto capitolo si focalizza sulla struttura del firmware VHDL",False
Runtime firmware product lines using TPM2. 0,A Fuchs; C Krauß; J Repp,2017,ICT Systems Security and Privacy Protection …,https://link.springer.com/chapter/10.1007/978-3-319-58469-0_17,Google Scholar,"product lines enable the generation of unified firmware images, ie, a single firmware with   an approach for secure runtime firmware product lines. Unified firmware images can be",False
Using 3D printers as weapons,M Yampolskiy; A Skjellum; M Kretzschmar,2016,International Journal of …,https://www.sciencedirect.com/science/article/pii/S1874548215300330,Google Scholar,"Firmware: Cyber security compromises over the decades reveal that software, hardware and  firmware  persuade legitimate users to install malicious software or firmware. Buffer overflow",False
IoT goes nuclear: Creating a ZigBee chain reaction,E Ronen; A Shamir; AO Weingarten,2017,… on Security and …,https://ieeexplore.ieee.org/abstract/document/7958578/,Google Scholar,"O’Flynn [9] reverse engineered some of the Philips Hue security design choices, where  he raised the possibility of a lightbulb worm, but did not bypass either the firmware security",False
Understanding the security of discrete GPUs,Z Zhu; S Kim; Y Rozhanski; Y Hu; E Witchel,2017,Proceedings of the …,https://dl.acm.org/doi/abs/10.1145/3038228.3038233,Google Scholar,"There are several firmware-based attacks that target diverse devices [1, 3,  attacks embed  malicious code into the firmware to circumvent the platform’s security while evading detection.",True
Practical runtime attestation for tiny IoT devices,S Hristozov; J Heyszl; S Wagner,2018,… IoT Security and …,https://www.ndss-symposium.org/wp-content/uploads/2018/07/diss2018_11_Hristozov_paper.pdf,Google Scholar,"Our method provides detection of runtime compromise of the device firmware. This is a feature  that other attestation techniques, where the attestation evidence is generated at boot time",False
HP ProtectTools Firmware security features in HP Compaq business notebooks,TPME DriveLock; HPD Sanitizer,NA,NA,https://h20331.www2.hp.com/Hpsub/downloads/HP_ProtectTools_Embedded_Security.pdf,Google Scholar,"each of these points of vulnerability, security has to also be built into not only the operating  system, but also the hardware and firmware. This is often referred to as embedded security.",False
Managing IoT cyber-security using programmable telemetry and machine learning,A Sivanathan; HH Gharakheili,2020,IEEE Transactions on …,https://ieeexplore.ieee.org/abstract/document/8981946/,Google Scholar,"network behavioral changes due to firmware upgrade or cyber-attacks. Also, we quantify the   network operators to better manage cyber-security risks of their IoT infrastructure. The rest of",False
Hybrid blockchain-based secure firmware distribution system,M Son; H Kim,2019,Journal of Internet Computing and Services,https://koreascience.kr/article/JAKO201932365651024.page,Google Scholar,"existing security solutions. Therefore, a new automatic firmware distribution solution is  needed to solve this problem. To solve this problem, we propose a new automatic firmware",False
A security analysis on standard IoT protocols,S Zamfir; T Balan; I Iliescu,2016,… international conference on …,https://ieeexplore.ieee.org/abstract/document/7754665/,Google Scholar,"Furthermore, devices could be tampered physically and the firmware security could be  ], a  new security paradigm in IoT that involves real time intrusion detection based on the abnormal",False
Cross-domain security of cyber-physical systems,SR Chhetri; J Wan,2017,2017 22nd Asia and South …,https://ieeexplore.ieee.org/abstract/document/7858320/,Google Scholar,"cyber attack detection methodology, where we show how cyber attack affecting the firmware  of the  The attack detection methodology is shown in Figure 4. There are two stages in the",False
Scalable attack graph generation,K Cook; T Shaw; P Hawrylak; J Hale,2016,… Cyber and Information Security …,https://dl.acm.org/doi/abs/10.1145/2897795.2897821,Google Scholar,"Alternatively, an attacker could exploit a printer firmware rollback vulnerability, allowing a  firmware attack on the printer to be executed. In this way, multiple paths can be taken to",False
Towards mapping the security challenges of the Internet of Things (IoT) supply chain,T Omitola; G Wills,2018,Procedia Computer Science,https://www.sciencedirect.com/science/article/pii/S1877050918312547,Google Scholar,"The opportunities for security vulnerabilities abound. In this paper, we describe the security   Software and firmware are the programmable components of a computing environment.",False
A Design Methodology to Realize Firmware Based Multimedia Security,M Redford,NA,NA,https://www.academia.edu/download/32845801/PaperV1.pdf,Google Scholar,The paper investigated technologies that could apply in improving digital content security.  There are various applications addressing digital content piracy most software techniques.,False
"Dynaban, an open-source alternative firmware for dynamixel servo-motors",R Fabre; Q Rouxel; G Passault; S N'Guyen,2017,RoboCup 2016: Robot …,https://link.springer.com/chapter/10.1007/978-3-319-68792-6_14,Google Scholar,firmware for the Dynamixel MX-64 servo-motor. We discuss software features to fully exploit   model of the motor are embedded into the firmware. The parameters of the model are found,False
Cyberphysical security for the masses: A survey of the internet protocol suite for internet of things security,H Tschofenig; E Baccelli,2019,IEEE Security & Privacy,https://ieeexplore.ieee.org/abstract/document/8764344/,Google Scholar,The initial starting point was to outline the architecture and the metadata describing a firmware  image along with its security mechanism.The metadata contained in a data structure are,False
Vulseeker: A semantic learning based vulnerability seeker for cross-platform binary,J Gao; X Yang; Y Fu; Y Jiang; J Sun,2018,Proceedings of the 33rd ACM/IEEE …,https://dl.acm.org/doi/abs/10.1145/3238147.3240480,Google Scholar,"of the MIPS32 version vulnerability, we sort the functions in all firmware images in descending  order of similarity scores. Table 2 shows the effectiveness of vulnerability search on the top",False
Securing sensor to cloud ecosystem using internet of things (iot) security framework,AFA Rahman; M Daud; MZ Mohamad,2016,… on Internet of things and Cloud …,https://dl.acm.org/doi/abs/10.1145/2896387.2906198,Google Scholar,security embedded in each layer of its ecosystem. This paper will discussed the security  threats to IoT and then proposed an IoT Security  /Firmware should be embedded with security,False
Botnets and internet of things security,E Bertino; N Islam,2017,Computer,https://ieeexplore.ieee.org/abstract/document/7842850/,Google Scholar,"security, and application security to fit the IoT ecosystem. For example, techniques and tools  are needed to analyze firmware  -critical applications would perform firmware analysis, but",False
Towards creating a defense mechanism of IP camera: Recognizing potential risks through firmware backdooring,YR Douha; S Yonamine; Y Taenaka,2019,IEICE Technical Report; …,https://ken.ieice.org/ken/paper/2019111591ro/eng/,Google Scholar,", hackers thrill to exploit them. This paper  firmware backdooring, describe the potential  risks, and propose some technical solutions along with best practices for consumers' security",False
"See no evil, hear no evil, feel no evil, print no evil? malicious fill patterns detection in additive manufacturing",C Bayens; T Le; L Garcia; R Beyah,2017,26th USENIX Security …,https://www.usenix.org/conference/usenixsecurity17/technical-sessions/presentation/bayens,Google Scholar,"In this paper, we develop a scheme of verification and intrusion detection that is independent  of the printer firmware and controller PC. The scheme incorporates analyses of the acoustic",False
An Automated Analysis Method for Large-Scale Embedded Device Firmware,W Meng-tao; LIU Zhong-jin; C Qing; C Yu,2017,Journal of Beijing …,https://journal.bupt.edu.cn/EN/Y2017/V40/Is1/98,Google Scholar,"automated firmware analysis. To solve this problem, a firmware decoding status detection   The dataset contained 6 160 firmware samples and 1 823 disassembled binary files that",False
IDOLS WITH FEET OF CLAY: ON THE SECURITY OF BOOTLOADERS AND FIRMWARE UPDATERS FOR THE IOT,GDR ONDE; GT CEM; C ElectroMagnétique,NA,NA,https://pdfs.semanticscholar.org/e97a/f2cfec9b8740a2f3fff872474c930c767e6f.pdf,Google Scholar,"• Lots of communication and sensing capabilities • Known to be unsecured; lots of  potential security vulnerabilities, certification is still an open topic and available schemes (eg",False
A Comprehensive Analysis of Wi-Fi Routers Firmware Vulnerabilities: From Re-Hosting to Invasion,O Freitas; FTR Corrêa; G Dal Toso,NA,Available at SSRN …,https://papers.ssrn.com/sol3/papers.cfm?abstract_id=4836002,Google Scholar,"This paper presents a scalable methodology for vulnerability analysis in IoT devices. This   quantify risks.Moreover, it evaluates known vulnerabilities in kernels and binaries of firmware",False
Designing PC Firmware Protection for the Quantum Era,T Charles,NA,NA,https://www.bromium.com/designing-pc-firmware-protection-for-the-quantum-era/,Google Scholar,"quantum computer attacks, we recently announced a new generation of Business PCs with  quantum-resistant protection for firmware [1]. Our 5th generation Endpoint Security Controller",False
Hardware-Assisted Detection of Firmware Attacks in Inverter-Based Cyberphysical Microgrids,A Peedikayil Kuruvila; I Zografopoulos; K Basu,2020,arXiv e …,https://ui.adsabs.harvard.edu/abs/2020arXiv200907691P/abstract,Google Scholar,controller and setpoint modification attacks on a simulated MG  -for-security (DfS) primitives  to detect malicious firmware  inverter's firmware code. Our experiments illustrate that the,False
Determining image base of ARM firmware based on matching string addresses,RJ Zhu; BF Zhang; JJ Mao; Y Luo; YA Tan,2017,Tien Tzu Hsueh Pao …,https://pure.bit.edu.cn/zh/publications/determining-image-base-of-arm-firmware-based-on-matching-string-a,Google Scholar,"Firmware is the soul of an embedded system, and disassembly is a necessary step to   mechanism or detect the vulnerabilities of the firmware. When disassembling a firmware, it should",False
"Defending, Detecting, and Responding to Hardware and Firmware Attacks",T Reed,2016,NA,https://www.usenix.org/conference/enigma2016/conference-program/presentation/reed,Google Scholar,"firmware landscape has the same fragmentation problem as Android devices, but suffers  from more opaque security  approach to hardware and firmware security by exploring how our",False
FiE on Firmware,D Davidson; B Moench; S Jha; T Ristenpart,NA,Finding vulnerabilities in …,https://www.usenix.org/sites/default/files/conference/protected-files/davidson_sec13_slides.pdf,Google Scholar,Could be transitioned to firmware  • Represents program input as sets of constraints •  Explores multiple feasible paths for bugs • Provide detailed trace to vulnerability,False
IP Camera Security Analysis focused on Firmware Reverse Engineering,S Ringström,2019,NA,https://www.diva-portal.org/smash/record.jsf?pid=diva2:1322612,Google Scholar,a structured approach while searching through the firmware. Every firmware looked at  during this project was based on an old Kernel with the same potential exploitable vulnerability.,False
The security of computer accounting software: The use of firmware[Ph. D. Thesis],DR CALLAGHAN,NA,NA,,Google Scholar,,False
… DE SISTEMAS A NÍVEL DE FIRMWARE: APLICAÇÃO COM TIME-BASED ONE TIME PASSWORD ALIADO AO SECURITY PROTOCOL AND DATA …,LRM CASSIANO; LDEM CAVALCANTE,NA,NA,,Google Scholar,,False
Phát triển công cụ dịch ngược firmware trên thiết bị định tuyến,NP Tran; HT Nguyen; QD Ngo; NB Nguyen; DT Nguyen,2016,NA,http://eprints.uet.vnu.edu.vn/eprints/2362/1/bare_conf.pdf,Google Scholar,"Toàn b hành vi ca firmware s đư c ghi li và phân tích theo th i  23.035 firmware t 42 nhà cung  cp và phát hi n ra 887 firmware  on Firmware, Finding vulnerabilities in embedded systems",False
